1737204014,18.1,29.74
1737204308,18.1,29.74
1737204613,18.1,29.74
1737204907,18.2,29.74
1737205212,18.1,29.74
1737205507,18.1,29.74
1737205811,18.1,29.74
1737206106,18.1,29.74
1737206410,18.1,29.74
1737206705,18.2,29.74
1737207009,18.2,29.74
1737207314,18.2,29.74
1737207608,18.1,29.73
1737207913,18.1,29.73
1737208207,18.1,29.73
1737208512,18.1,29.73
1737209109,18.1,29.73
1737209705,18.1,29.73
1737210010,18,29.72
1737210305,18,29.72
1737210609,18,29.72
1737210914,18.1,29.72
1737211208,18.1,29.71
1737211513,18.1,29.71
1737211808,18.1,29.71
1737212112,18,29.71
1737212407,18.1,29.71
1737212711,18.1,29.71
1737213006,18.1,29.7
1737213310,18.1,29.7
1737213605,18.1,29.7
1737213909,18.1,29.7
1737214506,18.1,29.7
1737214811,18.2,29.7
1737215105,18.2,29.69
1737215410,18.1,29.69
1737215705,18.1,29.69
1737216009,18.1,29.69
1737216314,18,29.68
1737216608,18.1,29.68
1737216913,18.1,29.68
1737217207,18.2,29.68
1737217512,18.2,29.68
1737217806,18.2,29.68
1737218414,18.1,29.68
1737218708,18.2,29.67
1737219013,18.3,29.67
1737219307,18.3,29.67
1737219612,18.3,29.67
1737219906,18.3,29.66
1737220211,18.2,29.66
1737220505,18.2,29.66
1737220810,18.2,29.66
1737221104,18.3,29.66
1737221409,18.4,29.65
1737221713,18.4,29.65
1737222008,18.4,29.64
1737222312,18.4,29.64
1737222607,18.4,29.64
1737222911,18.5,29.64
1737223206,18.9,29.64
1737223511,19.3,29.64
1737223805,19.8,29.63
1737224412,20.6,29.63
1737225009,20.7,29.62
1737225313,20.6,29.62
1737225608,20.4,29.62
1737225912,20.2,29.62
1737226207,20,29.61
1737226511,19.9,29.61
1737226806,19.7,29.61
1737227110,19.6,29.61
1737227405,19.5,29.61
1737227709,19.4,29.61
1737228306,19.2,29.61
1737228611,19.1,29.6
1737228906,19.1,29.6
1737229210,19.2,29.59
1737229505,19.2,29.59
1737230112,19.2,29.6
1737230406,19.1,29.59
1737230711,19.1,29.59
1737231308,19.1,29.59
1737231612,19.1,29.59
1737231907,19.1,29.59
1737232211,19.2,29.59
1737232506,19.2,29.59
1737232810,19.1,29.59
1737233407,19.1,29.59
1737233712,19,29.59
1737234006,18.9,29.59
1737234311,19.1,29.59
1737234605,19.1,29.59
1737234910,19.1,29.59
1737235507,19,29.59
1737235811,18.9,29.59
1737236106,18.9,29.6
1737236713,18.9,29.6
1737237008,18.9,29.6
1737237312,18.9,29.61
1737237607,18.8,29.61
1737237911,18.8,29.61
1737238206,18.7,29.61
1737238813,18.8,29.61
1737239107,18.8,29.61
1737239412,18.8,29.62
1737239706,18.7,29.62
1737240011,18.7,29.62
1737240306,18.7,29.62
1737240610,18.7,29.63
1737241207,18.7,29.63
1737241512,18.6,29.63
1737241806,18.6,29.63
1737242111,18.5,29.64
1737242405,18.6,29.64
1737243012,18.6,29.64
1737243307,18.6,29.65
1737243914,18.5,29.65
1737244208,18.6,29.65
1737244513,18.6,29.65
1737244807,18.4,29.65
1737245112,18.4,29.66
1737245406,18.4,29.65
1737245711,18.4,29.66
1737246005,18.4,29.66
1737246612,18.3,29.66
1737246907,18.2,29.67
1737247211,18.3,29.67
1737247506,18.3,29.67
1737247810,18.3,29.67
1737248105,18.2,29.68
1737248712,18.2,29.68
1737249006,18.2,29.68
1737249311,18.2,29.69
1737249605,18.1,29.69
1737250212,18.1,29.69
1737250507,18.2,29.69
1737250811,18.1,29.69
1737251106,18.1,29.69
1737251410,18,29.69
1737252007,18.1,29.7
1737252604,18.1,29.7
1737252909,18.1,29.7
1737253214,18.1,29.7
1737253509,18.1,29.7
1737253813,18.1,29.7
1737254108,18.1,29.7
1737254412,18.1,29.7
1737255009,18.1,29.7
1737255314,18.1,29.69
1737255608,18.1,29.69
1737256508,18.1,29.69
1737256812,18,29.69
1737257107,18.1,29.69
1737257411,18,29.68
1737257706,18.1,29.68
1737258313,18.2,29.68
1737258910,18.1,29.68
1737259204,18.1,29.68
1737259509,18.1,29.68
1737259814,18.2,29.68
1737260108,18.2,29.67
1737260413,18.1,29.68
1737260707,18.1,29.68
1737261012,18.1,29.67
1737261306,18.1,29.68
1737261611,18.1,29.67
1737261905,18.1,29.67
1737262210,18.1,29.67
1737262504,18.1,29.67
1737262809,18.2,29.67
1737263113,18.2,29.67
1737263408,18.2,29.67
1737263712,18.1,29.67
1737264007,18.1,29.67
1737264311,18.1,29.67
1737264606,18.1,29.67
1737264910,18.1,29.67
1737265205,18.1,29.67
1737265510,18.1,29.67
1737265804,18.2,29.67
1737266109,18.2,29.67
1737266413,18.2,29.67
1737266708,18.2,29.67
1737267012,18.1,29.66
1737267307,18.1,29.66
1737267904,18.1,29.66
1737268511,18.1,29.66
1737268805,18.2,29.66
1737269110,18.2,29.66
1737269405,18.2,29.66
1737269709,18.2,29.66
1737270014,18.2,29.66
1737270308,18.1,29.66
1737270613,18.1,29.66
1737270907,18.1,29.66
1737271212,18.1,29.66
1737271506,18.1,29.66
1737271811,18.2,29.66
1737272105,18.2,29.66
1737272712,18.2,29.66
1737273007,18.2,29.65
1737273311,18.1,29.66
1737273606,18.2,29.66
1737274213,18.2,29.65
1737274508,18.2,29.65
1737274812,18.2,29.65
1737275107,18.2,29.65
1737275713,18.3,29.65
1737276008,18.3,29.66
1737276313,18.2,29.66
1737276910,18.3,29.66
1737277204,18.3,29.66
1737277509,18.2,29.66
1737277813,18.2,29.66
1737278108,18.2,29.66
1737278412,18.3,29.66
1737278707,18.3,29.66
1737279314,18.3,29.67
1737279608,18.2,29.67
1737279913,18.3,29.67
1737280207,18.2,29.68
1737280512,18.2,29.68
1737280806,18.2,29.68
1737281111,18.2,29.68
1737281405,18.1,29.68
1737281710,18.2,29.68
1737282005,18.2,29.68
1737282309,18.3,29.69
1737282614,18.3,29.69
1737282908,18.3,29.69
1737283213,18.3,29.69
1737283507,18.2,29.69
1737283812,18.3,29.7
1737284106,18.3,29.7
1737284411,18.3,29.7
1737284706,18.3,29.7
1737285010,18.3,29.7
1737285305,18.2,29.7
1737285609,18.3,29.7
1737285914,18.2,29.7
1737286208,18.2,29.7
1737286513,18.2,29.7
1737286807,18.2,29.71
1737287112,18.2,29.7
1737287406,18.2,29.71
1737287711,18.2,29.71
1737288006,18.2,29.71
1737288310,18.2,29.71
1737289209,18.2,29.71
1737289514,18.2,29.71
1737289808,18.2,29.71
1737290113,18.2,29.71
1737290407,18.1,29.71
1737291004,18.2,29.71
1737291309,18.2,29.71
1737291613,18.2,29.71
1737291908,18.1,29.71
1737292212,18.1,29.71
1737292809,18,29.71
1737293114,18.1,29.71
1737293408,18.1,29.71
1737294005,18.1,29.7
1737294310,18,29.7
1737294604,18,29.71
1737294909,18.1,29.7
1737295213,18,29.7
1737295508,18.1,29.7
1737295812,18,29.7
1737296107,17.9,29.7
1737296411,17.9,29.7
1737296706,18,29.7
1737297010,18,29.7
1737297305,18.1,29.7
1737297610,18.1,29.7
1737298206,18,29.69
1737298511,18.1,29.69
1737298806,18.1,29.69
1737299705,18.1,29.69
1737300009,18.1,29.69
1737300304,18.1,29.69
1737300608,18.1,29.68
1737300913,18.2,29.68
1737301207,18.3,29.68
1737301512,18.3,29.68
1737301807,18.3,29.68
1737302111,18.2,29.67
1737302406,18.3,29.67
1737302710,18.3,29.67
1737303307,18.4,29.66
1737303612,18.5,29.66
1737303906,18.5,29.66
1737304211,18.5,29.65
1737304505,18.5,29.65
1737304810,18.5,29.64
1737305104,18.5,29.64
1737305711,18.6,29.64
1737306006,18.7,29.63
1737306310,18.7,29.63
1737306605,18.8,29.62
1737306909,18.7,29.62
1737307214,18.7,29.61
1737307508,18.7,29.61
1737307813,18.7,29.61
1737308107,18.7,29.61
1737308412,18.8,29.61
1737308706,18.9,29.6
1737309011,18.9,29.59
1737309305,18.9,29.59
1737309912,18.9,29.58
1737310207,18.9,29.58
1737310511,18.9,29.58
1737310806,18.9,29.59
1737311111,18.9,29.58
1737311405,19.1,29.59
1737311710,19.1,29.6
1737312004,19.2,29.6
1737312309,19.2,29.6
1737312614,19.2,29.6
1737312908,19.2,29.59
1737313213,19.1,29.59
1737313507,19.1,29.6
1737313812,19.2,29.61
1737314106,19.2,29.61
1737314411,19.1,29.62
1737314705,19.1,29.62
1737315010,19,29.63
1737315304,18.9,29.64
1737315609,19,29.63
1737316206,18.9,29.64
1737316510,18.8,29.64
1737316805,18.8,29.64
1737317109,18.7,29.64
1737317414,18.8,29.64
1737317708,18.7,29.65
1737318305,18.7,29.67
1737318912,18.7,29.67
1737319207,18.6,29.67
1737319511,18.5,29.66
1737319806,18.4,29.66
1737320110,18.4,29.66
1737320405,18.4,29.66
1737320710,18.4,29.66
1737321004,18.3,29.67
1737321309,18.3,29.67
1737321613,18.3,29.67
1737321908,18.3,29.67
1737322212,18.2,29.68
1737322507,18.1,29.68
1737322811,18.1,29.68
1737323106,18.1,29.67
1737323713,18.3,29.68
1737324007,18.3,29.68
1737324312,18.3,29.68
1737324606,18.3,29.68
1737324911,18.2,29.68
1737325205,18.3,29.68
1737325510,18.3,29.68
1737325804,18.3,29.69
1737326109,18.3,29.69
1737326413,18.2,29.68
1737326708,18.2,29.68
1737327012,18.1,29.68
1737327307,18.2,29.69
1737327611,18.3,29.69
1737327906,18.3,29.69
1737328210,18.3,29.69
1737328505,18.3,29.69
1737328809,18.2,29.69
1737329406,18.2,29.7
1737329711,18.2,29.7
1737330005,18.2,29.7
1737330310,18.2,29.7
1737330604,18.1,29.7
1737330909,18.1,29.7
1737331213,18.1,29.7
1737331508,18.3,29.7
1737331812,18.2,29.7
1737332107,18.2,29.7
1737332412,18.2,29.7
1737332706,18.3,29.7
1737333011,18.3,29.7
1737333305,18.3,29.7
1737333610,18.3,29.71
1737333904,18.3,29.71
1737334209,18.3,29.71
1737334513,18.2,29.71
1737334808,18.2,29.71
1737335113,18.2,29.71
1737335407,18.2,29.71
1737335712,18.2,29.71
1737336006,18.2,29.71
1737336311,18.3,29.72
1737336606,18.3,29.72
1737337212,18.3,29.73
1737337507,18.3,29.72
1737337812,18.3,29.73
1737338106,18.3,29.73
1737338411,18.3,29.73
1737339007,18.3,29.73
1737339604,18.3,29.74
1737339909,18.3,29.74
1737340213,18.3,29.74
1737340810,18.4,29.75
1737341105,18.3,29.75
1737341409,18.3,29.75
1737341704,18.3,29.76
1737342009,18.2,29.76
1737342313,18.2,29.76
1737342608,18.2,29.75
1737342912,18.2,29.75
1737343207,18.2,29.75
1737343512,18.2,29.75
1737343806,18.3,29.75
1737344111,18.3,29.75
1737344405,18.3,29.75
1737345012,18.3,29.75
1737345307,18.4,29.74
1737345611,18.4,29.74
1737345905,18.4,29.74
1737346513,18.4,29.74
1737347110,18.4,29.75
1737347404,18.4,29.75
1737347709,18.4,29.75
1737348014,18.4,29.74
1737348308,18.4,29.74
1737348613,18.4,29.74
1737348907,18.4,29.74
1737349212,18.4,29.74
1737349506,18.4,29.74
1737349811,18.4,29.74
1737350105,18.4,29.74
1737350410,18.3,29.74
1737350704,18.3,29.74
1737351009,18.3,29.74
1737351313,18.4,29.74
1737351608,18.4,29.74
1737351912,18.4,29.74
1737352207,18.4,29.74
1737352511,18.4,29.74
1737352806,18.4,29.74
1737353110,18.3,29.74
1737353707,18.3,29.75
1737354012,18.3,29.75
1737354306,18.3,29.75
1737354611,18.3,29.75
1737354906,18.3,29.75
1737355513,18.3,29.75
1737355807,18.3,29.75
1737356112,18.3,29.76
1737356406,18.3,29.75
1737356711,18.3,29.75
1737357005,18.3,29.75
1737357310,18.3,29.75
1737357604,18.3,29.75
1737357909,18.3,29.75
1737358213,18.3,29.75
1737358508,18.3,29.75
1737358813,18.3,29.75
1737359107,18.3,29.75
1737359412,18.3,29.75
1737359706,18.4,29.75
1737360313,18.4,29.75
1737360608,18.3,29.75
1737361204,18.4,29.75
1737361509,18.3,29.75
1737362106,18.3,29.75
1737362713,18.3,29.75
1737363008,18.3,29.75
1737363312,18.4,29.76
1737363607,18.3,29.76
1737363911,18.4,29.76
1737364206,18.3,29.76
1737364510,18.3,29.76
1737364805,18.3,29.77
1737365412,18.3,29.77
1737365706,18.3,29.77
1737366011,18.3,29.77
1737366305,18.3,29.77
1737366610,18.3,29.77
1737366904,18.3,29.78
1737367209,18.3,29.78
1737367513,18.3,29.78
1737367808,18.3,29.79
1737368112,18.3,29.79
1737368407,18.3,29.79
1737368711,18.3,29.79
1737369308,18.2,29.79
1737369905,18.3,29.79
1737370210,18.3,29.8
1737370504,18.3,29.79
1737370809,18.3,29.8
1737371114,18.3,29.8
1737371408,18.3,29.79
1737371713,18.3,29.79
1737372007,18.3,29.8
1737372312,18.3,29.8
1737372606,18.3,29.8
1737372911,18.3,29.8
1737373508,18.3,29.8
1737373812,18.3,29.79
1737374107,18.2,29.79
1737374411,18.3,29.79
1737374706,18.2,29.79
1737375010,18.3,29.79
1737375305,18.2,29.79
1737375610,18.2,29.79
1737375904,18.2,29.79
1737376209,18.2,29.79
1737376513,18.2,29.79
1737376808,18.2,29.79
1737377112,18.2,29.79
1737377407,18.2,29.79
1737377711,18.2,29.79
1737378006,18.2,29.79
1737378310,18.2,29.79
1737378605,18.1,29.79
1737378911,18.2,29.79
1737379205,18.2,29.78
1737379510,18.2,29.78
1737379804,18.2,29.78
1737380109,18.2,29.78
1737380413,18.2,29.78
1737380708,18.2,29.78
1737381012,18.2,29.78
1737381307,18.2,29.78
1737381611,18.2,29.78
1737381906,18.1,29.78
1737382210,18.2,29.78
1737382505,18.2,29.77
1737382809,18.1,29.77
1737383406,18.1,29.77
1737384013,18.1,29.77
1737384308,18.1,29.76
1737384612,18.1,29.76
1737384907,18.1,29.76
1737385212,18,29.76
1737385506,18.1,29.76
1737385811,18.1,29.75
1737386105,18.1,29.75
1737386410,18,29.75
1737386704,18,29.74
1737387009,18.1,29.74
1737387313,18,29.74
1737387608,17.9,29.74
1737387912,18,29.74
1737388207,18,29.74
1737388512,18,29.74
1737388806,18,29.73
1737389111,18,29.73
1737389405,18.1,29.73
1737389710,18,29.73
1737390004,18,29.73
1737390309,18,29.73
1737390613,18.1,29.73
1737390908,18.1,29.73
1737391212,18.1,29.73
1737391507,18.1,29.73
1737391811,18.1,29.72
1737392106,18.1,29.72
1737392411,18.1,29.72
1737392705,18.1,29.72
1737393010,18.1,29.72
1737393304,18.1,29.72
1737393609,18.2,29.72
1737393913,18.2,29.71
1737394208,18.2,29.71
1737394512,18.2,29.71
1737394807,18.1,29.71
1737395111,18.2,29.71
1737395406,18.2,29.71
1737396013,18.1,29.71
1737396307,18.1,29.71
1737396612,18.2,29.7
1737396907,18.2,29.7
1737397211,18.1,29.7
1737397506,18.1,29.7
1737397810,18.1,29.7
1737398105,18.2,29.69
1737398409,18.2,29.69
1737399006,18.1,29.69
1737399311,18.2,29.69
1737399605,18.2,29.69
1737399910,18.2,29.68
1737400204,18.1,29.68
1737400509,18.1,29.68
1737400813,18.2,29.68
1737401108,18.2,29.68
1737401412,18.2,29.67
1737401707,18.2,29.67
1737402011,18.2,29.67
1737402306,18.2,29.67
1737402913,18.1,29.66
1737403208,18.1,29.66
1737403512,18.2,29.66
1737403807,18.2,29.67
1737404111,18.2,29.66
1737404406,18.1,29.66
1737404710,18.2,29.66
1737405005,18.2,29.66
1737405309,18.1,29.66
1737405604,18.2,29.66
1737405908,18.2,29.66
1737406213,18.2,29.66
1737406508,18.2,29.66
1737406812,18.2,29.66
1737407107,18.2,29.66
1737407411,18.1,29.66
1737407706,18.2,29.66
1737408605,18.2,29.67
1737408909,18.2,29.67
1737409204,18.1,29.67
1737409508,18.2,29.67
1737409813,18.1,29.67
1737410107,18.1,29.67
1737410412,18.1,29.67
1737410707,18.1,29.67
1737411011,18.1,29.67
1737411306,18.1,29.67
1737411610,18.1,29.67
1737411905,18.1,29.67
1737412209,18.1,29.67
1737412806,18.1,29.68
1737413111,18.1,29.68
1737413405,18.1,29.68
1737413710,18.2,29.68
1737414004,18.2,29.68
1737414309,18.2,29.68
1737414906,18.2,29.68
1737415513,18.2,29.69
1737415807,18.2,29.69
1737416112,18.2,29.69
1737416406,18.2,29.69
1737416711,18.2,29.69
1737417005,18.1,29.69
1737417310,18.2,29.69
1737417604,18.2,29.69
1737417909,18.2,29.69
1737418213,18.1,29.7
1737418810,18.1,29.7
1737419105,18.1,29.7
1737419409,18.2,29.7
1737419713,18.2,29.7
1737420008,18.2,29.71
1737420605,18.1,29.71
1737420909,18.1,29.71
1737421506,18.1,29.72
1737421811,18.1,29.72
1737422105,18.1,29.72
1737422410,18.1,29.72
1737422705,18.1,29.72
1737423009,18.1,29.73
1737423314,18.1,29.73
1737423608,18.2,29.73
1737423913,18.1,29.73
1737424207,18.1,29.73
1737424512,18.1,29.73
1737424806,18.1,29.73
1737425111,18.1,29.73
1737425405,18.1,29.73
1737425710,18.1,29.73
1737426004,18.2,29.73
1737426309,18.2,29.73
1737426613,18.2,29.73
1737426908,18.2,29.73
1737427213,18.1,29.73
1737427507,18.1,29.73
1737427812,18.1,29.73
1737428106,18.2,29.73
1737428713,18.2,29.73
1737429007,18.1,29.73
1737429312,18.1,29.73
1737429607,18.1,29.73
1737429911,18.1,29.73
1737430508,18.1,29.73
1737430813,18.1,29.73
1737431107,18.1,29.73
1737431412,18.1,29.72
1737431706,18.2,29.72
1737432011,18.2,29.72
1737432305,18.2,29.72
1737432610,18.1,29.72
1737432905,18.1,29.72
1737433209,18.2,29.72
1737433514,18.1,29.72
1737433808,18.1,29.72
1737434113,18.1,29.72
1737434407,18.1,29.72
1737434712,18.1,29.72
1737435006,18.1,29.72
1737435311,18.1,29.72
1737435606,18.1,29.72
1737435910,18.1,29.72
1737436205,18.1,29.71
1737436509,18.1,29.71
1737436814,18,29.71
1737437108,18.1,29.71
1737437413,18,29.71
1737437707,18.1,29.71
1737438012,18.1,29.71
1737438306,18.1,29.71
1737438611,18.1,29.72
1737438905,18.1,29.72
1737439210,18.1,29.71
1737439505,18.1,29.72
1737439809,18.1,29.72
1737440114,18.1,29.71
1737440408,18,29.72
1737440713,18.1,29.72
1737441007,18,29.72
1737441312,17.9,29.72
1737441607,18,29.72
1737441911,18,29.72
1737442206,18.1,29.72
1737442511,18.1,29.72
1737442805,18,29.72
1737443110,18,29.72
1737443404,17.9,29.73
1737443709,18,29.73
1737444013,18,29.73
1737444308,18,29.73
1737444612,18,29.73
1737445209,18,29.73
1737445504,18,29.73
1737445808,18,29.73
1737446113,18,29.73
1737446408,17.9,29.74
1737446712,18,29.73
1737447007,18,29.74
1737447311,18,29.74
1737447606,18,29.74
1737447910,17.9,29.74
1737448205,17.9,29.74
1737448509,17.9,29.74
1737448814,17.9,29.74
1737449108,17.9,29.74
1737449705,17.9,29.75
1737450010,17.9,29.75
1737450304,17.9,29.75
1737450609,17.9,29.75
1737450913,17.9,29.75
1737451208,18,29.75
1737451512,17.9,29.75
1737452109,17.9,29.75
1737452414,17.9,29.75
1737452708,17.9,29.76
1737453013,17.9,29.76
1737453307,17.9,29.76
1737453612,17.9,29.76
1737453906,17.9,29.76
1737454513,17.9,29.76
1737454808,17.9,29.76
1737455404,17.9,29.77
1737455709,17.9,29.77
1737456013,17.9,29.77
1737456308,17.9,29.77
1737456613,17.9,29.77
1737456907,17.8,29.77
1737457212,17.9,29.77
1737457506,17.8,29.78
1737458113,17.9,29.78
1737458408,17.9,29.78
1737458712,17.9,29.79
1737459007,17.9,29.79
1737459613,17.9,29.79
1737459908,17.9,29.79
1737460213,18,29.79
1737460507,17.9,29.79
1737460812,18,29.79
1737461409,17.9,29.79
1737461713,17.9,29.79
1737462008,17.9,29.79
1737462312,17.9,29.8
1737462607,17.9,29.8
1737462911,17.9,29.8
1737463206,17.9,29.79
1737463510,17.9,29.79
1737463805,17.9,29.8
1737464109,17.9,29.8
1737464404,17.9,29.8
1737464708,17.9,29.8
1737465013,17.9,29.8
1737465308,17.9,29.8
1737465612,18,29.8
1737465907,18,29.8
1737466211,17.9,29.8
1737466506,17.9,29.8
1737467113,17.9,29.8
1737467407,17.9,29.79
1737467712,17.9,29.79
1737468007,17.9,29.79
1737468311,17.9,29.79
1737468606,17.9,29.8
1737468910,17.9,29.79
1737469507,17.9,29.79
1737469812,17.9,29.79
1737470106,17.9,29.79
1737470411,17.9,29.79
1737470705,17.9,29.79
1737471010,17.9,29.78
1737471304,17.9,29.78
1737471609,17.9,29.78
1737472206,17.9,29.78
1737472813,17.9,29.78
1737473107,17.9,29.77
1737473412,17.9,29.77
1737473706,17.9,29.77
1737474011,17.9,29.77
1737474305,17.9,29.77
1737474610,17.9,29.77
1737474904,17.8,29.77
1737475209,17.9,29.76
1737475514,17.9,29.76
1737475808,17.9,29.76
1737476113,17.8,29.76
1737476407,17.9,29.76
1737476712,17.9,29.75
1737477007,17.9,29.75
1737477311,17.9,29.75
1737477606,17.9,29.75
1737477910,17.9,29.75
1737478205,17.9,29.75
1737478509,18,29.74
1737478814,18,29.74
1737479108,17.9,29.74
1737479413,17.9,29.74
1737479707,18,29.74
1737480304,18,29.73
1737480609,18,29.73
1737480914,18,29.72
1737481208,18.1,29.72
1737481513,18.1,29.72
1737482109,18,29.72
1737482706,18.1,29.71
1737483011,18,29.71
1737483305,18,29.71
1737483610,18,29.71
1737483904,18,29.71
1737484209,18,29.7
1737484513,17.9,29.7
1737484808,18,29.7
1737485112,18,29.7
1737485407,17.9,29.7
1737485712,17.9,29.69
1737486006,18,29.69
1737486905,17.9,29.69
1737487210,17.9,29.69
1737487808,17.9,29.68
1737488112,18,29.68
1737488407,18,29.68
1737488712,18,29.68
1737489006,17.9,29.68
1737489613,18,29.67
1737490210,17.9,29.67
1737490504,18,29.67
1737490809,18,29.67
1737491113,18,29.67
1737491408,18,29.67
1737491713,17.9,29.67
1737492007,17.9,29.67
1737492312,17.9,29.67
1737492606,18,29.67
1737493213,17.9,29.66
1737493508,17.9,29.66
1737493812,18,29.67
1737494107,17.9,29.67
1737494412,18,29.67
1737494706,18.1,29.67
1737495011,18,29.67
1737495305,18,29.67
1737495912,18,29.67
1737496207,18,29.67
1737496511,17.9,29.68
1737496806,18,29.68
1737497110,18,29.68
1737497405,17.9,29.68
1737498011,18,29.68
1737498306,18,29.68
1737498611,17.9,29.68
1737498905,17.9,29.68
1737499210,18,29.68
1737499504,17.9,29.68
1737500111,18,29.69
1737500406,18,29.69
1737500710,18,29.69
1737501005,18,29.69
1737501309,18,29.69
1737501614,17.9,29.69
1737501908,18,29.7
1737502213,18,29.7
1737502507,18,29.7
1737502812,18.1,29.7
1737503106,18,29.71
1737503411,18,29.71
1737503705,18,29.71
1737504010,18,29.71
1737504304,18,29.71
1737504609,18,29.72
1737504913,18,29.72
1737505208,18.1,29.72
1737505512,18.1,29.73
1737505807,18.1,29.73
1737506111,18.1,29.73
1737506406,18.1,29.74
1737506711,18.1,29.74
1737507005,18.1,29.74
1737507310,18,29.74
1737507604,18.1,29.75
1737507909,18.1,29.75
1737508213,18.1,29.75
1737508508,18.1,29.75
1737508813,18.1,29.75
1737509107,18.1,29.76
1737509704,18.1,29.76
1737510009,18.1,29.76
1737510313,18.1,29.76
1737510608,18.2,29.76
1737510912,18.2,29.77
1737511207,18.2,29.77
1737511512,18.2,29.77
1737511806,18.1,29.77
1737512413,18.1,29.77
1737512708,18.2,29.77
1737513012,18.1,29.77
1737513307,18.1,29.77
1737513611,18.1,29.77
1737513906,18.1,29.77
1737514210,18.2,29.77
1737514505,18.2,29.76
1737514809,18.2,29.77
1737515406,18.1,29.77
1737515711,18.2,29.77
1737516005,18.2,29.77
1737516612,18.2,29.77
1737516907,18.1,29.77
1737517211,18.1,29.77
1737517506,18.1,29.77
1737518113,18.1,29.77
1737518407,18.1,29.77
1737518712,18.1,29.78
1737519006,18.1,29.77
1737519311,18.1,29.77
1737519605,18.1,29.77
1737519910,18.1,29.77
1737520204,18.1,29.77
1737520509,18.1,29.77
1737520814,18.1,29.77
1737521108,18.1,29.77
1737521705,18.1,29.77
1737522009,18.1,29.77
1737522304,18.1,29.77
1737522609,18.1,29.77
1737522913,18.1,29.77
1737523207,18.1,29.77
1737523512,18.1,29.77
1737523807,18.1,29.77
1737524111,18.1,29.77
1737524406,18.1,29.77
1737524710,18.1,29.77
1737525307,18.1,29.77
1737525612,18.1,29.77
1737525906,18.1,29.77
1737526211,18,29.77
1737526505,18,29.77
1737526810,18,29.77
1737527104,18,29.77
1737527409,17.9,29.77
1737527713,18,29.76
1737528008,18,29.76
1737528313,18.1,29.77
1737528607,18.1,29.77
1737528912,18.1,29.77
1737529508,17.9,29.77
1737529813,18,29.77
1737530107,18,29.77
1737530412,18,29.77
1737530707,18.1,29.77
1737531011,18,29.77
1737531306,18,29.77
1737531610,18,29.77
1737531905,17.9,29.77
1737532209,18,29.77
1737532514,17.9,29.77
1737532808,18,29.77
1737533113,18,29.77
1737533407,18,29.78
1737533712,18,29.78
1737534006,18,29.78
1737534311,18.1,29.78
1737534606,18,29.78
1737534910,18.1,29.78
1737535205,18.1,29.79
1737535509,18,29.79
1737535814,18,29.79
1737536108,18,29.79
1737536413,18,29.79
1737536708,18,29.79
1737537012,18,29.79
1737537307,18,29.79
1737537611,18,29.79
1737537906,18,29.79
1737538210,17.9,29.8
1737538505,17.9,29.8
1737538809,18,29.8
1737539114,17.9,29.8
1737539408,18,29.8
1737539713,17.9,29.8
1737540008,17.9,29.8
1737540312,17.9,29.81
1737540607,17.9,29.81
1737540911,17.9,29.81
1737541206,17.9,29.81
1737541510,17.9,29.81
1737541805,17.9,29.82
1737542109,17.9,29.82
1737542414,18,29.82
1737543011,17.9,29.82
1737543305,18,29.83
1737543610,17.9,29.83
1737543904,18,29.83
1737544209,18,29.83
1737544513,17.9,29.83
1737544808,17.9,29.83
1737545112,17.9,29.84
1737545407,17.9,29.83
1737545712,17.9,29.84
1737546006,17.8,29.84
1737546311,17.9,29.84
1737546909,17.9,29.84
1737547213,17.9,29.84
1737547508,17.8,29.84
1737547812,17.9,29.84
1737548107,17.9,29.84
1737548412,17.8,29.84
1737548706,17.9,29.84
1737549011,17.9,29.84
1737549305,17.8,29.84
1737549610,17.8,29.84
1737550207,17.8,29.84
1737550511,17.8,29.84
1737550806,17.8,29.84
1737551413,17.8,29.84
1737551707,17.8,29.84
1737552012,17.8,29.84
1737552306,17.8,29.84
1737552611,17.8,29.84
1737552905,17.8,29.84
1737553210,17.8,29.84
1737553505,17.8,29.84
1737553809,17.8,29.84
1737554114,17.8,29.84
1737554408,17.8,29.84
1737554713,17.8,29.84
1737555007,17.8,29.84
1737555312,17.7,29.83
1737555909,17.8,29.83
1737556506,17.7,29.83
1737556810,17.7,29.83
1737557105,17.7,29.83
1737557712,17.7,29.83
1737558309,17.8,29.82
1737558613,17.7,29.82
1737558908,17.7,29.82
1737559213,17.8,29.82
1737559507,17.8,29.82
1737560104,17.8,29.82
1737560409,17.8,29.81
1737560713,17.8,29.81
1737561008,17.9,29.81
1737561312,17.9,29.81
1737561607,17.9,29.8
1737562214,17.9,29.8
1737562508,18,29.8
1737562813,18,29.8
1737563107,18,29.8
1737563412,18,29.79
1737564009,17.9,29.79
1737564313,17.9,29.79
1737564608,17.9,29.78
1737564912,17.9,29.78
1737565207,17.9,29.78
1737565511,17.9,29.78
1737565806,17.9,29.77
1737566110,18,29.77
1737566405,17.9,29.77
1737566710,18,29.77
1737567004,18.2,29.77
1737567309,18.4,29.76
1737567613,18.7,29.76
1737567908,19.1,29.76
1737568212,19.1,29.76
1737568507,19.1,29.75
1737569104,18.6,29.75
1737569408,18.5,29.75
1737569713,18.4,29.74
1737570008,18.3,29.74
1737570312,18.3,29.74
1737570607,18.2,29.73
1737570911,18.1,29.73
1737571206,18.1,29.73
1737571510,18.1,29.72
1737571805,18.1,29.72
1737572109,18,29.71
1737572404,18,29.71
1737572709,18,29.71
1737573013,18.1,29.71
1737573308,18.1,29.7
1737573612,18.1,29.7
1737573907,18,29.7
1737574211,18,29.7
1737574506,17.9,29.7
1737575113,18.1,29.69
1737575710,18,29.69
1737576004,18,29.68
1737576309,18.1,29.68
1737576613,18.1,29.68
1737576908,18.1,29.68
1737577212,18.1,29.68
1737577507,18,29.68
1737578114,18.1,29.68
1737578408,18.1,29.67
1737578713,18.1,29.68
1737579007,18,29.67
1737579312,18.1,29.68
1737579606,18.1,29.67
1737579911,18.1,29.68
1737580206,18.1,29.68
1737580510,18.1,29.67
1737580804,18.1,29.67
1737581109,18.1,29.67
1737581414,18.1,29.67
1737581708,18.1,29.67
1737582013,18.1,29.67
1737582307,18.1,29.67
1737582612,18.1,29.67
1737582906,18.1,29.67
1737583211,18.1,29.67
1737583505,18.1,29.67
1737583810,18.1,29.67
1737584104,18.1,29.67
1737584711,18.1,29.67
1737585006,18.2,29.68
1737585310,18.1,29.68
1737585605,18.1,29.68
1737586212,18.2,29.68
1737586506,18.1,29.68
1737586811,18.1,29.69
1737587408,18.1,29.69
1737587712,18.1,29.7
1737588007,18.1,29.7
1737588312,18.1,29.71
1737588606,18.1,29.71
1737588911,18.2,29.71
1737589206,18.1,29.72
1737589510,18.1,29.72
1737589805,18.1,29.73
1737590411,18.1,29.73
1737590706,18.1,29.73
1737591010,18.1,29.73
1737591305,18.1,29.74
1737591609,18.1,29.74
1737591904,18.1,29.74
1737592209,18.1,29.74
1737592513,18.1,29.75
1737592808,18.1,29.75
1737593112,18.1,29.75
1737593407,18.1,29.75
1737593711,18.1,29.75
1737594006,18.1,29.75
1737594310,18.1,29.76
1737594605,18.1,29.76
1737594909,18.1,29.76
1737595204,18.1,29.76
1737595508,18.1,29.77
1737595813,18.1,29.77
1737596108,18.1,29.77
1737596412,18.1,29.77
1737597009,18,29.78
1737597314,18.1,29.78
1737597608,18.1,29.78
1737597913,18.1,29.78
1737598207,18.1,29.79
1737598512,18,29.79
1737598806,18,29.79
1737599111,18.1,29.79
1737599405,18.1,29.79
1737599710,18.1,29.79
1737600004,18,29.79
1737600309,18.1,29.79
1737600613,18.1,29.79
1737600908,18.1,29.79
1737601213,18.1,29.79
1737601507,18.1,29.79
1737601812,18.1,29.79
1737602106,18.1,29.79
1737602411,18,29.79
1737603008,18,29.79
1737603312,18.1,29.79
1737603607,18.1,29.79
1737603912,18.1,29.79
1737604206,18,29.79
1737604511,18,29.78
1737604805,18.1,29.79
1737605110,18.1,29.79
1737605404,18,29.79
1737605709,18,29.79
1737606013,18,29.78
1737606308,18.1,29.78
1737606613,18.1,29.78
1737606907,18,29.78
1737607212,17.9,29.78
1737607506,18,29.78
1737607811,18,29.77
1737608105,18,29.77
1737608410,17.9,29.77
1737608704,17.9,29.77
1737609009,18,29.77
1737609313,18,29.77
1737610213,18,29.76
1737610507,18.1,29.76
1737611104,18,29.76
1737611409,18,29.76
1737611713,17.9,29.75
1737612008,18.1,29.76
1737612312,18.1,29.76
1737612607,18,29.76
1737612911,18,29.76
1737613206,18,29.76
1737613813,18.1,29.76
1737614410,18,29.75
1737614705,18,29.75
1737615009,18.1,29.75
1737615313,18.1,29.75
1737615608,18,29.75
1737615913,18,29.75
1737616207,18,29.75
1737616512,18,29.75
1737616806,18,29.75
1737617111,18,29.75
1737617405,18,29.75
1737617710,18,29.75
1737618307,18.1,29.75
1737618611,18,29.75
1737618906,18,29.75
1737619210,18,29.75
1737619505,18,29.75
1737619809,18.1,29.75
1737620114,18.1,29.75
1737620409,18,29.75
1737620713,18,29.75
1737621008,18,29.76
1737621312,18,29.76
1737621607,18,29.76
1737621911,17.9,29.77
1737622206,18,29.76
1737622510,18,29.77
1737622805,18,29.77
1737623109,17.9,29.77
1737623404,17.9,29.77
1737624011,17.9,29.77
1737624306,17.9,29.78
1737624610,17.9,29.78
1737624905,17.9,29.78
1737625209,18,29.78
1737625514,17.9,29.78
1737625808,17.9,29.79
1737626113,17.9,29.79
1737626407,17.9,29.79
1737626712,17.9,29.8
1737627007,17.9,29.8
1737627311,17.9,29.8
1737627606,17.9,29.8
1737627910,17.9,29.8
1737628205,17.9,29.81
1737628509,17.9,29.81
1737628814,17.9,29.81
1737629108,17.9,29.82
1737629413,17.9,29.82
1737629707,17.9,29.82
1737630012,17.9,29.82
1737630306,17.9,29.82
1737630913,18,29.82
1737631208,17.9,29.83
1737631512,17.9,29.83
1737631807,17.9,29.83
1737632111,17.9,29.83
1737632406,17.9,29.84
1737632711,17.8,29.84
1737633005,17.8,29.84
1737633310,17.8,29.84
1737633604,17.8,29.84
1737633909,17.8,29.84
1737634213,17.8,29.84
1737634810,17.8,29.84
1737635105,17.8,29.84
1737635409,17.8,29.85
1737635704,17.8,29.85
1737636008,17.8,29.85
1737636313,17.7,29.85
1737636607,17.8,29.85
1737636912,17.8,29.85
1737637206,17.8,29.85
1737637813,17.8,29.86
1737638108,17.8,29.86
1737638412,17.8,29.86
1737639312,17.8,29.86
1737639606,17.7,29.86
1737639911,17.7,29.86
1737640205,17.8,29.86
1737640510,17.8,29.86
1737640804,17.7,29.86
1737641109,17.7,29.86
1737641413,17.8,29.86
1737641708,17.8,29.86
1737642012,17.7,29.86
1737642307,17.7,29.85
1737642612,17.8,29.85
1737642906,17.8,29.85
1737643211,17.8,29.85
1737643505,17.8,29.84
1737644112,17.8,29.84
1737645011,17.8,29.84
1737645306,17.8,29.83
1737645611,17.8,29.83
1737645905,17.8,29.83
1737646805,17.8,29.82
1737647109,17.8,29.81
1737647414,17.8,29.8
1737647708,17.8,29.8
1737648013,17.8,29.8
1737648307,17.8,29.8
1737648612,17.8,29.8
1737648906,17.9,29.8
1737649211,17.9,29.8
1737649505,17.9,29.79
1737649810,17.9,29.79
1737650105,17.9,29.79
1737650409,18,29.79
1737650714,17.9,29.79
1737651008,17.9,29.79
1737651313,17.9,29.79
1737651607,17.9,29.78
1737651912,17.9,29.78
1737652206,17.9,29.79
1737652813,18,29.78
1737653108,18,29.78
1737653705,17.9,29.78
1737654009,17.9,29.78
1737654304,17.9,29.77
1737654609,17.9,29.78
1737654913,18,29.77
1737655208,18,29.77
1737655512,17.9,29.78
1737655807,18,29.78
1737656413,17.9,29.78
1737656708,17.9,29.77
1737657012,18,29.77
1737657307,18,29.76
1737657612,17.9,29.78
1737657906,18,29.78
1737658211,17.9,29.78
1737658505,17.9,29.78
1737658810,18,29.78
1737659104,18,29.77
1737659409,17.9,29.77
1737659713,18,29.77
1737660008,18,29.77
1737660312,17.9,29.77
1737660607,18,29.76
1737660911,18,29.76
1737661206,17.9,29.76
1737661510,17.9,29.76
1737661805,17.9,29.75
1737662109,18,29.75
1737662404,18,29.75
1737662709,18.1,29.76
1737663013,18.1,29.76
1737663308,18,29.75
1737663612,18.1,29.75
1737663907,18.1,29.74
1737664212,18,29.74
1737664506,18.1,29.74
1737664811,18.1,29.73
1737665105,18.1,29.73
1737665410,18.2,29.73
1737665704,18.2,29.73
1737666009,18.2,29.72
1737666313,18.2,29.72
1737666608,18.2,29.72
1737667205,18.2,29.72
1737667509,18.2,29.73
1737667804,18.1,29.73
1737668109,18.1,29.74
1737668413,18.1,29.74
1737668708,18.1,29.74
1737669012,18.1,29.74
1737669307,18.1,29.74
1737669914,18.1,29.74
1737670208,18,29.74
1737670513,18.1,29.74
1737670808,18.1,29.74
1737671112,18.1,29.74
1737671407,18.1,29.74
1737672013,18.1,29.74
1737672308,18.1,29.74
1737672613,18.1,29.74
1737672907,18.1,29.74
1737673212,18.1,29.75
1737673506,18.2,29.75
1737673811,18.1,29.75
1737674105,18.1,29.76
1737674712,18.1,29.77
1737675007,18,29.77
1737675614,18.1,29.77
1737675908,18,29.77
1737676213,18,29.77
1737676507,18,29.77
1737676812,18,29.77
1737677106,18,29.77
1737677411,18,29.78
1737677705,18,29.78
1737678010,18.1,29.78
1737678305,18,29.78
1737678609,18,29.78
1737678914,18,29.78
1737679208,18,29.78
1737679805,17.9,29.78
1737680109,17.9,29.79
1737680404,18,29.79
1737680708,17.9,29.79
1737681013,17.9,29.79
1737681308,17.9,29.79
1737681612,17.9,29.79
1737681907,17.9,29.79
1737682211,17.9,29.79
1737682808,18,29.8
1737683405,18.1,29.8
1737683709,18,29.8
1737684004,18.1,29.8
1737684309,18.1,29.8
1737684613,18.1,29.81
1737684908,18,29.81
1737685505,18,29.81
1737685810,18.1,29.81
1737686104,18,29.81
1737686409,18,29.8
1737686713,18,29.8
1737687008,18,29.8
1737687312,17.9,29.8
1737687607,18,29.8
1737687911,18.1,29.8
1737688206,18,29.79
1737688511,18.1,29.79
1737688805,18.1,29.79
1737689110,18.1,29.79
1737689404,18.1,29.79
1737689709,18.1,29.79
1737690013,18.2,29.79
1737690308,18.1,29.79
1737690612,18.1,29.79
1737690907,18.2,29.79
1737691514,18.1,29.78
1737692413,18.1,29.78
1737692708,18.1,29.78
1737693012,18.1,29.78
1737693307,18.1,29.78
1737693611,18.1,29.78
1737693906,18.1,29.78
1737694210,18.1,29.78
1737694505,18.1,29.77
1737694809,18.1,29.78
1737695114,18.1,29.77
1737695408,18.1,29.77
1737696005,18.1,29.77
1737696310,18.1,29.77
1737696604,18.1,29.77
1737696909,18.1,29.77
1737697213,18.1,29.77
1737697508,18.1,29.76
1737697812,18.1,29.77
1737698107,18.1,29.77
1737698714,18.1,29.77
1737699008,18.1,29.77
1737699313,18.1,29.77
1737699607,18.1,29.77
1737700204,18.1,29.77
1737700509,18.1,29.77
1737701106,18.1,29.77
1737701411,18.1,29.77
1737701705,18.1,29.77
1737702010,18.2,29.77
1737702607,18.2,29.77
1737702911,18.2,29.77
1737703206,18.2,29.77
1737703813,18.2,29.77
1737704107,18.1,29.78
1737704412,18.1,29.78
1737704706,18.1,29.78
1737705011,18.1,29.78
1737705305,18.2,29.78
1737705610,18.1,29.78
1737705904,18.1,29.78
1737706209,18.1,29.78
1737706513,18.1,29.79
1737707110,18.1,29.79
1737707405,18.1,29.79
1737707709,18.1,29.79
1737708306,18.1,29.79
1737708611,18.2,29.79
1737708905,18.2,29.79
1737709210,18.2,29.8
1737709504,18.2,29.8
1737709809,18.1,29.8
1737710113,18.1,29.8
1737710408,18.2,29.81
1737710712,18.2,29.81
1737711007,18.2,29.81
1737711614,18.2,29.82
1737711908,18.2,29.82
1737712213,18.2,29.82
1737712507,18.2,29.82
1737712812,18.2,29.82
1737713107,18.2,29.82
1737713713,18.2,29.83
1737714310,18.2,29.83
1737714908,18.1,29.83
1737715212,18.2,29.83
1737715507,18.2,29.83
1737716114,18.2,29.83
1737716408,18.2,29.84
1737716713,18.2,29.84
1737717007,18.1,29.84
1737717312,18.1,29.83
1737717606,18.1,29.83
1737717911,18.1,29.84
1737718205,18.1,29.84
1737718812,18,29.84
1737719107,18,29.84
1737719714,18,29.84
1737720008,17.9,29.84
1737720313,17.9,29.84
1737720607,17.9,29.84
1737720912,17.9,29.84
1737721206,17.9,29.84
1737721511,17.9,29.84
1737721806,17.9,29.84
1737722413,17.9,29.84
1737722707,18,29.84
1737723012,17.9,29.84
1737723306,17.9,29.84
1737723611,17.9,29.84
1737723905,17.9,29.84
1737724210,17.9,29.84
1737724504,17.9,29.83
1737724809,17.9,29.83
1737725114,17.9,29.83
1737725408,17.9,29.83
1737725712,17.9,29.83
1737726007,17.9,29.83
1737726312,17.9,29.83
1737726606,17.9,29.83
1737726911,17.9,29.83
1737727205,17.9,29.82
1737727812,17.9,29.82
1737728107,17.9,29.82
1737728713,17.9,29.82
1737729008,17.9,29.81
1737729312,17.9,29.81
1737729607,17.9,29.81
1737729912,17.9,29.81
1737730206,17.9,29.8
1737730511,17.9,29.8
1737730805,17.9,29.8
1737731110,17.9,29.8
1737731404,17.9,29.8
1737731709,18,29.8
1737732013,18,29.79
1737732308,18,29.79
1737732612,18,29.79
1737732907,18,29.79
1737733514,17.9,29.79
1737733808,17.9,29.79
1737734405,17.9,29.79
1737734710,17.9,29.79
1737735004,17.9,29.78
1737735309,17.9,29.78
1737735613,17.9,29.78
1737735908,17.9,29.77
1737736212,17.9,29.77
1737736507,17.9,29.77
1737736811,17.9,29.77
1737737106,17.9,29.76
1737737411,17.9,29.76
1737737706,17.9,29.76
1737738011,17.9,29.75
1737738305,17.9,29.75
1737738610,17.9,29.75
1737738904,18,29.75
1737739209,17.9,29.74
1737739513,17.9,29.74
1737739808,17.9,29.74
1737740112,17.9,29.74
1737740407,17.9,29.74
1737741014,17.9,29.73
1737741610,17.9,29.72
1737741905,17.9,29.72
1737742210,17.9,29.72
1737742504,18,29.71
1737742808,17.9,29.71
1737743113,17.9,29.71
1737743408,17.9,29.7
1737744004,17.9,29.7
1737744611,17.9,29.69
1737744906,17.9,29.7
1737745210,17.8,29.69
1737745505,17.9,29.69
1737745810,17.9,29.69
1737746406,17.9,29.69
1737746711,17.9,29.68
1737747005,18,29.68
1737747310,18,29.68
1737747605,17.9,29.68
1737747909,17.9,29.67
1737748214,17.9,29.67
1737748508,17.9,29.67
1737748813,17.9,29.66
1737749107,17.9,29.66
1737749412,17.9,29.66
1737749706,17.9,29.66
1737750313,17.8,29.65
1737750608,17.8,29.65
1737750912,17.9,29.64
1737751207,17.9,29.64
1737751511,17.9,29.64
1737751806,17.8,29.64
1737752110,17.9,29.64
1737752405,17.8,29.63
1737752709,17.8,29.63
1737753004,17.8,29.63
1737753308,17.8,29.63
1737753613,17.9,29.63
1737753907,17.9,29.63
1737754212,17.9,29.63
1737754506,17.9,29.64
1737754811,17.9,29.64
1737755105,18,29.64
1737755410,17.9,29.64
1737756007,18,29.64
1737756614,18,29.64
1737756909,18,29.65
1737757213,17.9,29.65
1737757508,18,29.65
1737757812,18,29.65
1737758107,18,29.66
1737758714,18,29.66
1737759008,18.1,29.66
1737759313,18,29.67
1737759607,17.9,29.67
1737759912,17.9,29.67
1737760206,18,29.67
1737760511,18,29.67
1737760805,18,29.68
1737761110,18,29.68
1737761404,18,29.68
1737762011,17.9,29.69
1737762608,18,29.69
1737762913,18.1,29.69
1737763207,18,29.69
1737763512,17.9,29.7
1737763806,18,29.7
1737764111,18,29.7
1737764405,17.9,29.7
1737764710,17.9,29.7
1737765005,17.9,29.71
1737765309,18,29.71
1737765614,17.9,29.71
1737765908,17.9,29.71
1737766213,17.9,29.72
1737766507,17.9,29.72
1737767104,17.8,29.72
1737767409,17.9,29.72
1737767713,17.9,29.73
1737768008,17.8,29.73
1737768312,17.8,29.73
1737768607,17.9,29.73
1737768911,17.9,29.74
1737769206,17.9,29.74
1737769511,17.8,29.74
1737769805,17.9,29.75
1737770110,17.9,29.75
1737770404,17.9,29.75
1737770709,17.8,29.75
1737771013,17.8,29.75
1737771308,17.9,29.75
1737771612,17.8,29.75
1737771907,17.8,29.75
1737772514,17.8,29.74
1737772808,17.8,29.74
1737773113,17.8,29.74
1737773407,17.8,29.74
1737774004,17.7,29.74
1737774611,17.8,29.74
1737774906,17.8,29.74
1737775210,17.8,29.75
1737775505,17.9,29.74
1737776112,17.8,29.75
1737776406,17.8,29.74
1737776711,17.8,29.74
1737777005,17.8,29.74
1737777310,17.8,29.74
1737777604,17.8,29.74
1737777909,17.8,29.74
1737778214,17.8,29.74
1737778508,17.8,29.73
1737778813,17.8,29.74
1737779107,17.8,29.74
1737779412,17.8,29.73
1737779706,17.8,29.73
1737780011,17.8,29.73
1737780305,17.8,29.73
1737780610,17.8,29.73
1737780904,17.8,29.73
1737781512,17.8,29.73
1737781807,17.8,29.73
1737782414,17.8,29.73
1737782708,17.7,29.73
1737783305,17.7,29.73
1737783610,17.7,29.74
1737783904,17.7,29.74
1737784209,17.7,29.74
1737784513,17.7,29.74
1737784808,17.7,29.74
1737785112,17.7,29.74
1737785407,17.7,29.75
1737785711,17.8,29.75
1737786006,17.8,29.75
1737786613,17.8,29.75
1737787210,17.7,29.75
1737787504,17.8,29.74
1737787809,17.8,29.75
1737788113,17.8,29.75
1737788408,17.8,29.74
1737788712,17.8,29.75
1737789007,17.9,29.75
1737789311,17.9,29.75
1737789606,17.9,29.75
1737789911,17.9,29.75
1737790205,17.9,29.75
1737790510,17.9,29.76
1737790804,17.9,29.75
1737791109,17.9,29.75
1737791413,17.9,29.75
1737792010,17.9,29.75
1737792304,17.9,29.75
1737792609,18,29.75
1737792914,18,29.75
1737793208,17.9,29.75
1737793513,17.9,29.75
1737793807,17.9,29.75
1737794112,17.9,29.76
1737794709,17.9,29.76
1737795013,17.9,29.76
1737795308,18,29.76
1737795612,17.9,29.76
1737795907,17.9,29.76
1737796212,17.9,29.77
1737796506,17.9,29.77
1737796811,17.9,29.77
1737797105,17.8,29.77
1737797409,17.9,29.77
1737797704,17.9,29.78
1737798009,17.9,29.78
1737798313,17.9,29.77
1737798608,17.9,29.77
1737798912,17.9,29.77
1737799207,17.9,29.77
1737799511,17.9,29.77
1737799806,17.8,29.77
1737800413,17.8,29.77
1737800707,17.8,29.77
1737801012,17.8,29.77
1737801307,17.8,29.78
1737801904,17.8,29.79
1737802209,17.8,29.79
1737802806,17.8,29.79
1737803111,17.8,29.79
1737803405,17.8,29.79
1737803710,17.8,29.8
1737804004,17.8,29.8
1737804309,17.8,29.8
1737804613,17.8,29.8
1737804908,17.8,29.8
1737805212,17.8,29.8
1737805809,17.7,29.8
1737806406,17.7,29.81
1737806711,17.7,29.81
1737807005,17.6,29.81
1737807310,17.7,29.82
1737807605,17.7,29.82
1737807909,17.7,29.82
1737808214,17.7,29.82
1737808508,17.7,29.82
1737808813,17.7,29.82
1737809410,17.8,29.82
1737809704,18.3,29.82
1737810009,18.8,29.82
1737810313,19.4,29.82
1737810608,20.1,29.82
1737810912,20.6,29.82
1737811207,21.1,29.82
1737811814,22.1,29.83
1737812108,22.6,29.84
1737812413,22.9,29.84
1737812707,23.3,29.85
1737813012,23.7,29.85
1737813306,24,29.85
1737813611,24.3,29.86
1737813906,24.6,29.86
1737814210,24.9,29.86
1737814505,25.2,29.86
1737814809,25.3,29.87
1737815114,25.2,29.87
1737815408,24.9,29.87
1737815713,24.6,29.87
1737816007,24.2,29.88
1737816604,23.6,29.88
1737816909,23.3,29.88
1737817213,23,29.88
1737817508,22.7,29.88
1737818105,22.4,29.88
1737818409,22.3,29.88
1737818714,22.2,29.87
1737819008,22,29.87
1737819313,21.9,29.86
1737819607,21.7,29.86
1737819912,21.6,29.85
1737820206,21.5,29.85
1737820813,21.5,29.84
1737821108,21.5,29.84
1737821412,21.4,29.84
1737821707,21.4,29.84
1737822314,21.3,29.84
1737822608,21.3,29.84
1737822913,21.2,29.84
1737823207,21.2,29.84
1737823512,21.3,29.84
1737824109,21.3,29.83
1737824414,21.3,29.82
1737824708,21.3,29.83
1737825013,21.3,29.83
1737825307,21.3,29.82
1737825904,21.3,29.82
1737826511,21.3,29.81
1737826805,21.4,29.81
1737827110,21.4,29.8
1737827404,21.4,29.8
1737827709,21.4,29.8
1737828306,21.4,29.8
1737828610,21.4,29.8
1737828905,21.4,29.8
1737829209,21.4,29.79
1737829514,21.4,29.79
1737829808,21.4,29.79
1737830113,21.6,29.78
1737830710,21.7,29.78
1737831004,21.7,29.78
1737831309,21.6,29.78
1737831613,21.6,29.77
1737831908,21.6,29.77
1737832213,21.6,29.77
1737832507,21.6,29.77
1737832812,21.6,29.77
1737833106,21.6,29.78
1737833713,21.7,29.77
1737834008,21.8,29.78
1737834312,21.8,29.78
1737834607,21.8,29.77
1737834911,21.8,29.77
1737835206,21.8,29.77
1737835511,21.8,29.77
1737835805,21.7,29.77
1737836110,21.7,29.77
1737836404,21.7,29.77
1737837011,21.8,29.77
1737837306,21.9,29.77
1737837610,21.9,29.77
1737837905,21.9,29.77
1737838209,21.9,29.78
1737838806,21.8,29.78
1737839111,21.8,29.78
1737839406,21.8,29.78
1737839710,21.8,29.78
1737840005,21.8,29.78
1737840309,21.9,29.78
1737840614,21.9,29.78
1737840908,22,29.78
1737841213,22,29.78
1737841507,21.9,29.78
1737841812,21.9,29.78
1737842106,21.9,29.78
1737842411,21.9,29.77
1737842705,21.9,29.77
1737843010,21.9,29.77
1737843305,22,29.77
1737843609,22,29.77
1737843914,22.1,29.77
1737844208,22,29.77
1737844513,21.9,29.77
1737844807,21.9,29.77
1737845404,21.9,29.77
1737845709,21.9,29.77
1737846013,22,29.77
1737846610,22,29.77
1737846905,21.9,29.77
1737847209,21.9,29.77
1737847514,21.9,29.78
1737847808,21.9,29.78
1737848113,21.9,29.78
1737848710,21.9,29.79
1737849004,21.9,29.78
1737849309,21.9,29.78
1737849614,21.8,29.79
1737849908,21.8,29.79
1737850213,21.8,29.79
1737850507,21.8,29.79
1737850812,21.9,29.79
1737851106,21.9,29.79
1737851411,21.9,29.79
1737851705,21.8,29.79
1737852010,21.8,29.79
1737852305,21.8,29.79
1737852609,21.7,29.79
1737852913,21.7,29.79
1737853208,21.8,29.8
1737853513,21.8,29.8
1737853807,21.8,29.8
1737854112,21.8,29.8
1737854406,21.7,29.8
1737854711,21.7,29.8
1737855005,21.7,29.8
1737855310,21.7,29.8
1737855604,21.7,29.8
1737855909,21.7,29.81
1737856213,21.7,29.81
1737856810,21.6,29.81
1737857105,21.6,29.81
1737857409,21.6,29.81
1737857704,21.7,29.81
1737858009,21.7,29.81
1737858313,21.7,29.81
1737858608,21.7,29.81
1737859205,21.6,29.82
1737859509,21.5,29.82
1737859814,21.6,29.82
1737860411,21.6,29.82
1737860705,21.6,29.82
1737861312,21.6,29.82
1737861607,21.5,29.82
1737861911,21.5,29.82
1737862206,21.6,29.82
1737862510,21.6,29.82
1737862805,21.6,29.82
1737863109,21.6,29.81
1737863404,21.5,29.81
1737864011,21.4,29.81
1737864305,21.5,29.81
1737864610,21.6,29.81
1737864904,21.6,29.81
1737865209,21.5,29.81
1737865514,21.5,29.81
1737865808,21.4,29.81
1737866113,21.4,29.81
1737866407,21.4,29.81
1737867004,21.5,29.8
1737867611,21.4,29.81
1737867906,21.4,29.8
1737868210,21.4,29.8
1737868505,21.4,29.8
1737868809,21.4,29.8
1737869114,21.4,29.81
1737869408,21.4,29.8
1737869713,21.4,29.8
1737870007,21.3,29.8
1737870312,21.3,29.8
1737870606,21.4,29.8
1737870911,21.4,29.8
1737871508,21.4,29.8
1737871813,21.3,29.79
1737872107,21.3,29.79
1737872412,21.2,29.79
1737872706,21.3,29.79
1737873011,21.3,29.79
1737873305,21.3,29.79
1737873610,21.3,29.79
1737873904,21.3,29.79
1737874209,21.2,29.79
1737874513,21.2,29.79
1737874808,21.3,29.79
1737875112,21.3,29.79
1737875407,21.3,29.79
1737875712,21.3,29.79
1737876308,21.2,29.78
1737876613,21.2,29.79
1737876907,21.3,29.79
1737877504,21.2,29.79
1737877809,21.2,29.8
1737878114,21.2,29.8
1737878408,21.2,29.8
1737878713,21.2,29.79
1737879007,21.2,29.79
1737879312,21.2,29.79
1737879606,21.2,29.8
1737879911,21.2,29.8
1737880205,21.1,29.8
1737880812,21.2,29.8
1737881107,21.2,29.81
1737881411,21.2,29.81
1737881706,21.2,29.81
1737882010,21.2,29.81
1737882305,21.1,29.81
1737882609,21.2,29.81
1737882904,21.2,29.82
1737883208,21.2,29.82
1737883513,21.2,29.82
1737883808,21.2,29.82
1737884112,21.1,29.82
1737884407,21.1,29.82
1737884711,21.2,29.82
1737885308,21.2,29.83
1737885613,21.1,29.82
1737885907,21.1,29.82
1737886212,21.1,29.83
1737886506,21.1,29.83
1737886811,21.2,29.83
1737887105,21.1,29.83
1737887712,21.1,29.83
1737888007,21.1,29.83
1737888311,21,29.84
1737888606,21.1,29.83
1737888910,21.1,29.83
1737889205,21.1,29.83
1737889510,21.1,29.84
1737889804,21.1,29.84
1737890109,21,29.84
1737890413,21,29.84
1737890708,21.1,29.84
1737891012,21.1,29.84
1737891307,21.1,29.84
1737891611,21.1,29.84
1737891906,21.1,29.84
1737892210,21,29.84
1737892505,21,29.84
1737892809,21,29.84
1737893104,21.1,29.84
1737893409,21.1,29.85
1737893713,21.1,29.85
1737894008,21.1,29.85
1737894312,21,29.85
1737894607,21,29.85
1737894912,20.9,29.85
1737895206,21,29.85
1737895511,21.1,29.86
1737895805,21.1,29.86
1737896110,21.1,29.85
1737896404,21.1,29.85
1737896709,21.1,29.85
1737897013,21,29.85
1737897610,21,29.86
1737897905,21.1,29.86
1737898209,21.2,29.86
1737898504,21.1,29.85
1737898808,21.1,29.86
1737899113,21.1,29.85
1737899407,21.1,29.85
1737900004,21.1,29.85
1737900310,21.2,29.85
1737900907,21.2,29.84
1737901211,21.2,29.84
1737901506,21.2,29.84
1737901810,21.2,29.84
1737902105,21.2,29.84
1737902410,21.2,29.84
1737902704,21.2,29.83
1737903009,21.3,29.83
1737903313,21.4,29.83
1737903608,21.4,29.83
1737903912,21.5,29.82
1737904207,21.5,29.82
1737904511,21.5,29.82
1737904806,21.5,29.82
1737905110,21.5,29.82
1737905405,21.5,29.82
1737905709,21.6,29.81
1737906306,21.7,29.81
1737906913,21.8,29.81
1737907208,21.8,29.81
1737907512,21.8,29.8
1737907807,21.8,29.8
1737908111,21.9,29.8
1737908406,21.9,29.79
1737908711,21.9,29.79
1737909005,21.9,29.79
1737909310,21.9,29.79
1737909604,21.9,29.78
1737909909,21.9,29.78
1737910213,22,29.78
1737910508,22.1,29.77
1737911105,22.3,29.77
1737911409,22.4,29.77
1737912006,22.4,29.76
1737912311,22.4,29.76
1737912605,22.4,29.75
1737912910,22.4,29.75
1737913204,22.4,29.75
1737913509,22.4,29.75
1737913814,22.4,29.75
1737914108,22.4,29.74
1737914705,22.4,29.74
1737915010,22.4,29.73
1737915304,22.4,29.73
1737915609,22.4,29.72
1737915913,22.4,29.72
1737916208,22.5,29.71
1737916804,22.5,29.7
1737917109,22.5,29.7
1737917706,22.5,29.7
1737918010,22.6,29.69
1737918305,22.6,29.69
1737918609,22.6,29.68
1737918904,22.6,29.68
1737919209,22.6,29.68
1737919513,22.6,29.67
1737919808,22.6,29.67
1737920112,22.7,29.66
1737920407,22.7,29.66
1737920711,22.8,29.66
1737921006,22.9,29.66
1737921310,23.1,29.65
1737921605,23.1,29.66
1737921909,23.1,29.65
1737922214,23.1,29.65
1737922508,23.1,29.65
1737922813,23.1,29.65
1737923108,23.1,29.65
1737923412,23,29.64
1737924009,23,29.65
1737924313,23,29.65
1737924608,23,29.65
1737924913,23.1,29.66
1737925207,23.1,29.66
1737925512,23.2,29.66
1737925806,23.3,29.67
1737926111,23.3,29.66
1737926405,23.3,29.67
1737926710,23.3,29.67
1737927004,23.3,29.67
1737927309,23.2,29.67
1737927613,23.2,29.67
1737927908,23.2,29.66
1737928505,23.2,29.67
1737928810,23.3,29.67
1737929104,23.4,29.67
1737929409,23.4,29.67
1737929713,23.4,29.67
1737930008,23.4,29.67
1737930312,23.4,29.68
1737930607,23.3,29.68
1737930911,23.3,29.69
1737931206,23.3,29.69
1737931510,23.2,29.69
1737931805,23.3,29.69
1737932109,23.4,29.69
1737932404,23.4,29.7
1737932709,23.4,29.7
1737933013,23.4,29.7
1737933308,23.4,29.71
1737933612,23.3,29.72
1737933907,23.3,29.73
1737934211,23.2,29.73
1737934506,23.2,29.73
1737934810,23.2,29.73
1737935105,23.3,29.75
1737935409,23.3,29.77
1737935714,23.3,29.77
1737936008,23.3,29.78
1737936313,23.2,29.78
1737936607,23.2,29.78
1737936912,23.2,29.78
1737937206,23.1,29.78
1737937511,23.1,29.78
1737937806,23.2,29.78
1737938110,23.2,29.78
1737938405,23.2,29.78
1737938709,23.1,29.77
1737939014,23.1,29.77
1737939308,23.1,29.77
1737939613,23,29.76
1737939907,23,29.76
1737940504,23.1,29.75
1737941111,23,29.75
1737941406,22.9,29.75
1737941710,22.9,29.75
1737942005,22.8,29.75
1737942309,22.9,29.74
1737942604,22.9,29.74
1737942909,22.9,29.74
1737943213,22.9,29.73
1737943508,22.8,29.73
1737943812,22.8,29.73
1737944107,22.8,29.73
1737944411,22.8,29.73
1737944706,22.8,29.72
1737945010,22.8,29.71
1737945305,22.8,29.71
1737945610,22.8,29.71
1737945904,22.7,29.71
1737946209,22.7,29.71
1737946513,22.7,29.7
1737946808,22.7,29.7
1737947112,22.7,29.7
1737947407,22.7,29.69
1737947711,22.7,29.69
1737948611,22.6,29.7
1737948905,22.6,29.7
1737949210,22.6,29.7
1737949806,22.6,29.69
1737950111,22.6,29.69
1737950708,22.5,29.68
1737951305,22.4,29.68
1737951609,22.5,29.68
1737951914,22.5,29.67
1737952208,22.5,29.67
1737952513,22.4,29.67
1737952807,22.4,29.68
1737953112,22.4,29.68
1737953406,22.3,29.67
1737953711,22.4,29.66
1737954006,22.4,29.66
1737954310,22.4,29.66
1737954605,22.4,29.66
1737954909,22.4,29.66
1737955214,22.3,29.66
1737955508,22.3,29.66
1737955813,22.3,29.66
1737956107,22.3,29.66
1737956412,22.4,29.66
1737956706,22.4,29.66
1737957011,22.3,29.66
1737957305,22.3,29.67
1737957610,22.3,29.67
1737957904,22.2,29.67
1737958511,22.3,29.67
1737958806,22.3,29.67
1737959110,22.3,29.67
1737959405,22.3,29.67
1737959709,22.3,29.67
1737960004,22.2,29.67
1737960309,22.2,29.67
1737960613,22.2,29.67
1737960908,22.2,29.67
1737961212,22.2,29.67
1737961507,22.2,29.67
1737961812,22.2,29.67
1737962106,22.2,29.67
1737962411,22.1,29.67
1737962705,22.1,29.67
1737963010,22.2,29.67
1737963304,22.2,29.67
1737963609,22.2,29.67
1737963913,22.1,29.67
1737964208,22.1,29.67
1737964513,22.1,29.67
1737964807,22,29.67
1737965112,22.1,29.67
1737965709,22.1,29.67
1737966013,22.1,29.67
1737966307,22.1,29.67
1737966612,22.1,29.66
1737966907,22.1,29.66
1737967513,22.1,29.67
1737967808,22.1,29.67
1737968113,22.1,29.67
1737968407,22.1,29.66
1737968712,22.1,29.67
1737969006,22.1,29.67
1737969311,22,29.68
1737969605,22,29.67
1737969910,22.1,29.68
1737970204,22.1,29.68
1737970509,22.1,29.69
1737970813,22.1,29.69
1737971108,22.1,29.7
1737971412,22,29.71
1737971707,22,29.71
1737972011,22.1,29.71
1737972306,22.1,29.71
1737972611,22.1,29.72
1737972905,22.1,29.72
1737973210,22.1,29.71
1737973504,22,29.72
1737973809,21.9,29.72
1737974113,21.9,29.73
1737974408,22.1,29.73
1737974713,22.1,29.74
1737975007,22.1,29.74
1737975312,22.1,29.74
1737975606,22.1,29.75
1737975911,22,29.75
1737976205,21.9,29.75
1737976510,22,29.75
1737976805,22.1,29.75
1737977109,22.1,29.75
1737977414,22.1,29.75
1737977708,22,29.76
1737978013,22,29.76
1737978307,21.9,29.76
1737978612,21.9,29.76
1737978906,22.1,29.75
1737979211,22.1,29.75
1737979505,22.1,29.75
1737980112,22.1,29.76
1737980407,22.2,29.77
1737980711,22.2,29.77
1737981006,22.1,29.78
1737981310,22,29.79
1737981605,21.8,29.79
1737981909,21.6,29.79
1737982214,21.4,29.8
1737982508,21.2,29.8
1737982813,20.9,29.8
1737983107,20.7,29.79
1737983412,20.5,29.79
1737983706,20.3,29.79
1737984011,20.1,29.79
1737984305,20,29.79
1737984610,19.8,29.79
1737984904,19.7,29.8
1737985209,19.6,29.8
1737985514,19.4,29.81
1737985808,19.3,29.82
1737986112,19.3,29.82
1737986709,19.1,29.81
1737987004,19.1,29.81
1737987309,18.9,29.81
1737987613,18.9,29.82
1737987908,18.8,29.82
1737988212,18.8,29.82
1737988507,18.7,29.82
1737988811,18.7,29.81
1737989106,18.7,29.8
1737989410,18.6,29.79
1737989705,18.6,29.79
1737990009,18.5,29.78
1737990314,18.5,29.78
1737990608,18.4,29.78
1737990913,18.4,29.78
1737991207,18.4,29.77
1737991512,18.4,29.78
1737991806,18.4,29.77
1737992111,18.3,29.77
1737992406,18.3,29.77
1737992710,18.3,29.77
1737993005,18.3,29.78
1737993309,18.2,29.78
1737993604,18.2,29.79
1737993909,18.2,29.79
1737994213,18.2,29.77
1737994508,18.2,29.77
1737994812,18.1,29.75
1737995107,18.2,29.75
1737995713,18.1,29.75
1737996008,18.1,29.75
1737996313,18.1,29.75
1737996910,18,29.75
1737997204,18.1,29.75
1737997509,18,29.75
1737997813,18,29.75
1737998108,18,29.75
1737998412,18,29.75
1737998707,18,29.75
1737999011,17.9,29.75
1737999306,17.9,29.75
1737999610,17.9,29.74
1737999905,17.9,29.75
1738000209,17.9,29.75
1738000504,17.9,29.75
1738000809,17.9,29.75
1738001113,17.9,29.74
1738001710,17.9,29.73
1738002307,18,29.73
1738002904,17.9,29.73
1738003209,17.9,29.73
1738003514,18,29.73
1738004111,18.1,29.73
1738004406,18,29.73
1738004710,18,29.72
1738005005,17.9,29.72
1738005310,18.1,29.72
1738005907,18,29.71
1738006211,18.1,29.71
1738006506,18,29.7
1738006810,18,29.7
1738007105,18,29.7
1738007409,18,29.7
1738007704,17.9,29.7
1738008009,18,29.69
1738008313,18,29.69
1738008608,17.9,29.69
1738008912,17.9,29.68
1738009207,17.9,29.68
1738009511,18,29.68
1738009806,17.9,29.68
1738010110,17.9,29.68
1738010405,17.9,29.68
1738010709,17.8,29.68
1738011014,17.9,29.68
1738011309,17.9,29.68
1738011613,17.9,29.68
1738011908,17.8,29.68
1738012505,17.8,29.68
1738012809,17.8,29.68
1738013114,17.8,29.68
1738013408,17.8,29.68
1738013713,17.8,29.67
1738014310,17.8,29.67
1738014604,17.8,29.67
1738014909,17.8,29.67
1738015213,17.7,29.67
1738015508,17.8,29.67
1738015812,17.8,29.67
1738016107,17.8,29.67
1738016412,17.8,29.67
1738017008,17.8,29.67
1738017313,17.7,29.67
1738017608,17.7,29.67
1738017912,17.7,29.68
1738018207,17.7,29.68
1738018511,17.7,29.68
1738018806,17.7,29.68
1738019413,17.7,29.68
1738020010,17.7,29.68
1738020304,17.8,29.68
1738020609,17.9,29.68
1738020913,17.9,29.68
1738021208,17.9,29.68
1738021512,17.8,29.69
1738021807,17.9,29.69
1738022112,17.9,29.69
1738022407,17.9,29.69
1738022711,17.9,29.69
1738023006,17.8,29.7
1738023310,17.8,29.7
1738023605,17.9,29.7
1738023909,17.9,29.7
1738024214,17.9,29.7
1738024508,17.8,29.71
1738024813,17.9,29.71
1738025108,17.8,29.71
1738025412,17.9,29.71
1738025707,17.8,29.71
1738026011,17.8,29.72
1738026306,17.8,29.73
1738026610,17.9,29.73
1738026905,17.9,29.73
1738027209,17.9,29.73
1738027514,17.9,29.74
1738027808,17.9,29.74
1738028113,17.9,29.74
1738028408,17.9,29.74
1738028712,17.9,29.75
1738029007,17.9,29.75
1738029311,17.8,29.75
1738029606,17.8,29.75
1738029910,17.8,29.75
1738030205,17.9,29.76
1738030509,18,29.76
1738030814,17.9,29.76
1738031108,17.9,29.76
1738031413,17.9,29.76
1738031707,17.9,29.76
1738032012,17.9,29.76
1738032306,17.9,29.76
1738032611,17.9,29.76
1738032905,17.9,29.75
1738033210,17.9,29.76
1738033807,17.9,29.75
1738034111,17.9,29.75
1738034406,17.8,29.75
1738034710,17.8,29.75
1738035005,17.9,29.75
1738035612,17.9,29.75
1738035906,17.8,29.75
1738036211,17.9,29.75
1738036808,17.8,29.75
1738037405,18,29.75
1738037709,18,29.74
1738038004,18,29.74
1738038611,17.9,29.74
1738038905,17.8,29.74
1738039210,17.8,29.73
1738039504,17.8,29.73
1738039809,17.7,29.73
1738040114,17.7,29.73
1738040408,17.7,29.73
1738040713,17.8,29.73
1738041007,17.8,29.73
1738041312,17.8,29.73
1738041606,17.9,29.73
1738041911,17.9,29.72
1738042205,17.9,29.72
1738042510,17.9,29.72
1738042804,17.8,29.72
1738043109,17.9,29.72
1738043414,17.9,29.72
1738043708,17.9,29.72
1738044305,17.9,29.72
1738044610,17.9,29.72
1738044904,17.9,29.72
1738045209,17.9,29.72
1738045513,17.9,29.72
1738045808,17.8,29.72
1738046405,17.9,29.72
1738046709,17.9,29.73
1738047014,17.9,29.73
1738047611,17.8,29.73
1738047905,17.9,29.73
1738048210,17.9,29.73
1738048504,18.1,29.73
1738048809,18.1,29.73
1738049113,18.1,29.73
1738049408,18,29.72
1738050005,18.1,29.72
1738050310,18.2,29.72
1738050604,18.2,29.72
1738050909,18.2,29.71
1738051213,18.1,29.72
1738051508,18.1,29.72
1738051812,18.1,29.72
1738052107,18.1,29.72
1738052412,18.2,29.72
1738052706,18.2,29.72
1738053313,18,29.72
1738053608,17.9,29.72
1738054205,18.1,29.72
1738054812,18,29.72
1738055106,17.9,29.72
1738055411,17.9,29.72
1738055705,18.1,29.72
1738056010,18.1,29.72
1738056304,18.1,29.72
1738056609,18,29.73
1738056914,17.9,29.73
1738057208,18.1,29.73
1738057513,18.1,29.74
1738057807,18.1,29.74
1738058404,18,29.74
1738058709,17.9,29.74
1738059013,18.1,29.74
1738059308,18.2,29.74
1738059905,18.1,29.74
1738060209,18,29.73
1738060514,17.9,29.73
1738060808,17.9,29.74
1738061405,18.1,29.74
1738061710,18,29.75
1738062005,17.9,29.75
1738062309,17.9,29.75
1738062614,18.1,29.75
1738062908,18.1,29.75
1738063213,18.1,29.75
1738063507,18.1,29.75
1738063812,18,29.74
1738064107,17.9,29.74
1738064411,18,29.75
1738065008,18,29.74
1738065313,18.1,29.74
1738065910,18.1,29.74
1738066205,18.1,29.75
1738066509,17.9,29.75
1738066814,17.9,29.75
1738067108,17.8,29.75
1738067413,17.9,29.75
1738067707,18,29.75
1738068012,18,29.76
1738068306,17.9,29.76
1738068611,17.8,29.76
1738068905,17.8,29.76
1738069210,17.7,29.77
1738069506,17.8,29.77
1738069810,17.9,29.77
1738070105,17.9,29.77
1738070409,17.8,29.77
1738070714,17.8,29.77
1738071008,17.7,29.77
1738071605,17.8,29.78
1738071910,17.8,29.78
1738072204,17.9,29.78
1738072509,17.9,29.77
1738072813,17.9,29.78
1738073108,17.8,29.78
1738073705,17.8,29.78
1738074009,17.8,29.78
1738074304,17.8,29.77
1738074608,17.9,29.78
1738074913,18,29.78
1738075207,18,29.78
1738075512,18,29.78
1738075807,17.9,29.78
1738076111,17.8,29.78
1738076708,17.7,29.78
1738077012,17.8,29.79
1738077307,17.7,29.79
1738077611,17.7,29.79
1738077906,17.7,29.78
1738078210,17.7,29.78
1738078505,17.8,29.78
1738078809,17.8,29.78
1738079104,17.8,29.78
1738079711,17.8,29.78
1738080005,17.9,29.77
1738080310,17.8,29.77
1738080604,17.8,29.77
1738081211,17.7,29.77
1738081506,17.7,29.77
1738081810,17.7,29.77
1738082105,17.7,29.77
1738082410,17.7,29.77
1738082704,17.6,29.76
1738083009,17.6,29.76
1738083313,17.6,29.76
1738083608,17.5,29.76
1738083912,17.6,29.75
1738084509,17.6,29.75
1738084814,17.6,29.75
1738085411,17.5,29.74
1738085705,17.6,29.74
1738086010,17.6,29.73
1738086304,17.5,29.73
1738086609,17.5,29.73
1738086913,17.6,29.72
1738087208,17.6,29.72
1738087805,17.5,29.71
1738088109,17.6,29.71
1738088404,17.5,29.7
1738088708,17.4,29.7
1738089013,17.5,29.69
1738089307,17.4,29.69
1738089612,17.4,29.69
1738089906,17.4,29.68
1738090211,17.4,29.68
1738090505,17.3,29.68
1738091112,17.3,29.67
1738091407,17.3,29.66
1738091711,17.3,29.66
1738092006,17.3,29.65
1738092311,17.3,29.64
1738092605,17.4,29.64
1738092910,17.4,29.64
1738093204,17.4,29.64
1738093509,17.4,29.64
1738093813,17.4,29.64
1738094108,17.4,29.64
1738094412,17.4,29.64
1738094707,17.5,29.64
1738095011,17.5,29.64
1738095306,17.5,29.65
1738095610,17.4,29.65
1738095905,17.5,29.66
1738096209,17.6,29.66
1738096504,17.5,29.67
1738096808,17.6,29.67
1738097113,17.6,29.67
1738097408,17.6,29.67
1738097712,17.6,29.67
1738098007,17.7,29.67
1738098311,17.7,29.67
1738098606,17.8,29.68
1738098910,17.8,29.68
1738099206,17.8,29.68
1738099510,17.9,29.68
1738100108,17.8,29.68
1738100412,17.8,29.68
1738100707,17.7,29.68
1738101011,17.7,29.68
1738101306,17.7,29.68
1738101611,17.8,29.68
1738101905,17.8,29.68
1738102209,17.9,29.69
1738102806,18,29.7
1738103111,17.9,29.69
1738103406,17.9,29.69
1738104012,17.8,29.69
1738104307,17.7,29.68
1738104612,17.8,29.68
1738104906,17.8,29.67
1738105211,17.9,29.67
1738105505,17.9,29.68
1738106112,17.9,29.68
1738106709,17.8,29.69
1738107014,17.7,29.69
1738107308,17.7,29.69
1738107613,17.7,29.69
1738107907,17.7,29.7
1738108212,17.8,29.71
1738108507,17.8,29.71
1738108811,17.8,29.71
1738109106,17.8,29.72
1738109410,17.8,29.72
1738109705,17.7,29.72
1738110009,17.7,29.72
1738110314,17.6,29.72
1738110608,17.6,29.72
1738111205,17.5,29.72
1738111510,17.6,29.72
1738111804,17.7,29.72
1738112109,17.7,29.72
1738112414,17.7,29.72
1738112708,17.6,29.71
1738113305,17.6,29.72
1738113912,17.5,29.72
1738114207,17.5,29.72
1738114511,17.4,29.73
1738114806,17.4,29.73
1738115110,17.5,29.72
1738115405,17.5,29.72
1738115709,17.6,29.72
1738116004,17.6,29.72
1738116611,17.6,29.72
1738116905,17.5,29.72
1738117210,17.6,29.73
1738117504,17.6,29.73
1738117809,17.5,29.73
1738118113,17.5,29.73
1738118408,17.4,29.73
1738118713,17.4,29.73
1738119007,17.4,29.73
1738119312,17.4,29.73
1738119606,17.4,29.73
1738119911,17.4,29.72
1738120206,17.4,29.72
1738120812,17.6,29.73
1738121107,17.6,29.73
1738121412,17.6,29.73
1738121706,17.6,29.73
1738122313,17.5,29.73
1738122608,17.4,29.73
1738122912,17.4,29.73
1738123207,17.6,29.73
1738123511,17.6,29.73
1738123806,17.6,29.73
1738124110,17.6,29.74
1738124405,17.6,29.73
1738124709,17.7,29.73
1738125004,17.6,29.73
1738125308,17.6,29.73
1738125613,17.6,29.73
1738125907,17.5,29.73
1738126504,17.4,29.73
1738126809,17.6,29.73
1738127114,17.7,29.73
1738127408,17.7,29.73
1738127713,17.7,29.72
1738128007,17.7,29.72
1738128312,17.6,29.72
1738128606,17.6,29.72
1738128911,17.6,29.72
1738129508,17.6,29.71
1738130105,17.7,29.72
1738130409,17.7,29.72
1738130704,17.7,29.71
1738131008,17.7,29.71
1738131313,17.7,29.7
1738131608,17.6,29.7
1738131912,17.6,29.71
1738132207,17.5,29.71
1738132511,17.6,29.71
1738132806,17.7,29.71
1738133110,17.7,29.71
1738133405,17.7,29.71
1738133709,17.8,29.71
1738134609,17.6,29.72
1738134913,17.6,29.72
1738135208,17.7,29.72
1738135512,17.7,29.71
1738135807,17.7,29.72
1738136111,17.8,29.72
1738136406,17.9,29.71
1738136710,17.8,29.72
1738137005,17.8,29.72
1738137309,17.8,29.72
1738137614,17.7,29.72
1738137908,17.7,29.72
1738138505,17.8,29.72
1738138810,17.8,29.72
1738139104,17.8,29.72
1738139409,17.7,29.72
1738139713,17.8,29.72
1738140008,17.7,29.71
1738140312,17.7,29.71
1738140607,17.6,29.72
1738140911,17.6,29.72
1738141206,17.6,29.73
1738141510,17.7,29.73
1738141805,17.7,29.73
1738142109,17.8,29.74
1738142414,17.8,29.75
1738142708,17.7,29.75
1738143305,17.6,29.75
1738143610,17.6,29.76
1738144207,17.8,29.75
1738144511,17.8,29.75
1738144806,17.8,29.75
1738145413,17.7,29.76
1738145707,17.7,29.77
1738146012,17.6,29.77
1738146306,17.6,29.78
1738146611,17.6,29.78
1738146905,17.7,29.79
1738147210,17.8,29.79
1738147504,17.8,29.8
1738147809,17.8,29.8
1738148113,17.7,29.79
1738148408,17.6,29.8
1738149005,17.6,29.82
1738149309,17.6,29.82
1738149614,17.6,29.82
1738149908,17.6,29.83
1738150505,17.7,29.83
1738150810,17.8,29.83
1738151104,17.8,29.84
1738151409,17.8,29.85
1738151713,17.8,29.85
1738152008,17.7,29.85
1738152312,17.8,29.84
1738152607,17.9,29.85
1738152911,17.9,29.85
1738153206,17.8,29.85
1738153510,17.8,29.86
1738153805,17.7,29.86
1738154109,17.8,29.86
1738154414,17.9,29.86
1738154708,17.9,29.86
1738155013,17.8,29.86
1738155307,17.8,29.86
1738155612,17.9,29.86
1738155907,17.9,29.86
1738156211,17.9,29.86
1738156506,17.9,29.86
1738156810,17.8,29.87
1738157105,17.8,29.87
1738157409,17.8,29.87
1738157714,17.9,29.88
1738158008,17.9,29.88
1738158605,17.8,29.87
1738158910,17.8,29.87
1738159204,17.8,29.87
1738159509,17.9,29.87
1738159813,17.8,29.87
1738160108,17.9,29.87
1738160412,18.1,29.87
1738160707,18.1,29.87
1738161314,18,29.86
1738161608,17.9,29.86
1738162205,17.9,29.86
1738162510,17.9,29.86
1738162804,18,29.86
1738163109,18.1,29.86
1738163413,18.1,29.86
1738163708,18.1,29.86
1738164012,18.2,29.86
1738164307,18.1,29.86
1738164611,18.1,29.86
1738164906,18.1,29.86
1738165210,18.1,29.86
1738165505,18.1,29.86
1738165810,18.1,29.86
1738166104,18.1,29.86
1738166409,18.1,29.87
1738166713,17.9,29.87
1738167008,17.9,29.86
1738167312,18,29.86
1738167909,18.1,29.86
1738168214,18.1,29.86
1738168508,18.1,29.85
1738168813,18.1,29.85
1738169107,17.9,29.85
1738169412,17.9,29.85
1738169706,17.9,29.85
1738170011,18,29.84
1738170305,18.1,29.84
1738170610,18.1,29.84
1738170904,18.1,29.83
1738171209,18.2,29.83
1738171806,18,29.82
1738172413,18,29.81
1738172707,17.9,29.81
1738173012,18,29.8
1738173306,18,29.8
1738173611,18.1,29.79
1738173905,18.1,29.78
1738174210,18.1,29.78
1738174505,18.1,29.77
1738174809,18.1,29.77
1738175406,17.9,29.76
1738175711,17.9,29.76
1738176307,17.9,29.75
1738176612,17.9,29.75
1738176906,17.9,29.74
1738177211,17.9,29.73
1738177505,17.9,29.73
1738178112,18.1,29.72
1738178407,18,29.72
1738178711,18.1,29.71
1738179006,18.1,29.71
1738179310,18.1,29.7
1738179605,17.9,29.7
1738179910,17.9,29.7
1738180204,17.9,29.7
1738180509,17.9,29.7
1738180813,17.9,29.7
1738181108,17.9,29.69
1738181412,17.9,29.7
1738181707,17.8,29.7
1738182011,17.8,29.7
1738182306,17.9,29.71
1738182611,17.9,29.71
1738182905,17.9,29.71
1738183210,17.9,29.72
1738183504,17.8,29.72
1738183809,17.7,29.72
1738184406,17.8,29.72
1738184710,17.7,29.72
1738185005,17.6,29.72
1738185309,17.7,29.72
1738185604,17.7,29.72
1738185909,17.7,29.72
1738186505,17.8,29.72
1738186810,17.9,29.72
1738187104,17.9,29.72
1738187409,17.9,29.73
1738187713,17.8,29.73
1738188008,17.8,29.74
1738188312,17.8,29.74
1738188607,17.8,29.74
1738188911,17.8,29.75
1738189206,17.8,29.75
1738189510,17.8,29.75
1738189805,17.8,29.74
1738190110,17.9,29.74
1738190404,17.9,29.74
1738190709,17.9,29.74
1738191013,18,29.74
1738191308,18.1,29.74
1738191905,18,29.74
1738192209,17.9,29.74
1738192514,17.9,29.74
1738193111,18,29.73
1738193405,18,29.73
1738193710,18.1,29.74
1738194307,18.1,29.75
1738194611,18.1,29.75
1738194906,18.1,29.75
1738195210,17.9,29.75
1738195505,17.9,29.75
1738195809,17.9,29.76
1738196114,17.9,29.76
1738196711,17.9,29.77
1738197005,17.9,29.8
1738197310,18,29.8
1738197604,18,29.79
1738198211,17.9,29.8
1738198506,17.9,29.81
1738198811,17.8,29.81
1738199407,18,29.8
1738199712,18,29.8
1738200006,17.9,29.79
1738200311,17.9,29.79
1738200605,17.9,29.79
1738200910,17.9,29.79
1738201204,18.1,29.79
1738201509,18.1,29.78
1738201813,18.1,29.78
1738202108,18,29.77
1738202412,17.9,29.77
1738202707,17.8,29.77
1738203012,17.8,29.77
1738203306,17.9,29.77
1738203610,17.9,29.77
1738203905,17.9,29.77
1738204209,17.8,29.77
1738204504,17.9,29.78
1738205111,17.9,29.77
1738205405,17.9,29.77
1738205710,17.9,29.77
1738206004,18,29.77
1738206309,18.1,29.77
1738206613,18.1,29.77
1738206908,18.1,29.77
1738207212,18,29.77
1738207507,17.9,29.77
1738207811,18,29.77
1738208106,18,29.77
1738208410,18,29.77
1738208705,18,29.77
1738209009,18,29.77
1738209304,18.1,29.77
1738209609,18.2,29.77
1738209913,18.1,29.77
1738210208,18.1,29.77
1738210512,18,29.76
1738210807,17.9,29.76
1738211111,18,29.76
1738211406,18,29.76
1738211710,18.1,29.76
1738212005,18.1,29.76
1738212309,18.1,29.76
1738212614,18.1,29.76
1738212908,18.1,29.76
1738213213,17.9,29.76
1738213507,18,29.76
1738213812,18,29.76
1738214107,18,29.76
1738214411,18.1,29.76
1738214706,18.2,29.76
1738215010,18.1,29.77
1738215304,18.1,29.76
1738215609,18,29.76
1738215914,17.9,29.76
1738216208,17.9,29.76
1738216513,18,29.76
1738216807,18,29.76
1738217112,18.2,29.75
1738217406,18.2,29.75
1738217711,18.1,29.75
1738218005,18.1,29.75
1738218310,18,29.75
1738218604,18.1,29.75
1738218909,18,29.75
1738219506,18.1,29.75
1738219810,18.1,29.75
1738220105,18.1,29.75
1738220409,18.2,29.75
1738220714,18.2,29.75
1738221008,18.1,29.75
1738221313,18,29.75
1738221607,17.9,29.75
1738222204,18.1,29.75
1738222509,18.1,29.75
1738223106,17.9,29.75
1738223713,18,29.75
1738224007,18.1,29.75
1738224312,18.2,29.76
1738224606,18.1,29.76
1738224911,18.1,29.76
1738225205,18,29.76
1738225510,17.9,29.76
1738225804,18.1,29.76
1738226109,18.1,29.75
1738226413,18,29.75
1738226708,18,29.76
1738227013,17.9,29.76
1738227307,17.9,29.76
1738227612,18.1,29.76
1738228209,18.1,29.76
1738228806,18.2,29.76
1738229110,18.2,29.76
1738229404,18.1,29.77
1738230011,18.1,29.77
1738230306,18.2,29.77
1738230610,18.2,29.77
1738230905,18.2,29.77
1738231512,18.3,29.77
1738231806,18.2,29.77
1738232413,18.2,29.77
1738232708,18.2,29.77
1738233012,18.2,29.77
1738233307,18.2,29.78
1738233612,18.2,29.78
1738233906,18.3,29.78
1738234211,18.3,29.78
1738234505,18.4,29.78
1738234810,18.3,29.78
1738235104,18.3,29.78
1738235409,18.2,29.79
1738235713,18.1,29.79
1738236008,18.1,29.79
1738236313,18.1,29.79
1738236607,18.1,29.79
1738236912,18.2,29.79
1738237206,18.2,29.79
1738237511,18.2,29.79
1738237805,18.3,29.79
1738238110,18.2,29.79
1738238404,18.2,29.79
1738238709,18.3,29.8
1738239305,18.1,29.79
1738239610,18.2,29.8
1738239905,18.1,29.8
1738240209,18.1,29.8
1738240514,18.1,29.8
1738241111,18.2,29.8
1738241708,18.2,29.8
1738242012,18.2,29.8
1738242307,18.2,29.8
1738242611,18.3,29.8
1738242906,18.2,29.8
1738243513,18.3,29.8
1738243807,18.2,29.81
1738244404,18.2,29.8
1738244709,18.1,29.8
1738245306,18.1,29.8
1738245610,18,29.8
1738246207,18,29.8
1738246512,18,29.8
1738246806,18,29.8
1738247111,18,29.79
1738247405,18,29.79
1738247710,18.1,29.79
1738248004,18.1,29.79
1738248309,18.1,29.78
1738248613,18.1,29.78
1738248908,18.1,29.78
1738249505,18.1,29.78
1738250112,18.1,29.77
1738250406,18.1,29.77
1738250711,18.1,29.77
1738251005,18,29.77
1738251310,18.1,29.77
1738251907,18.1,29.77
1738252211,18.1,29.76
1738252506,18,29.76
1738253113,17.8,29.76
1738253407,17.8,29.75
1738254004,17.7,29.75
1738254611,17.6,29.75
1738254906,17.6,29.74
1738255211,17.6,29.74
1738255505,17.6,29.74
1738255810,17.5,29.74
1738256105,17.5,29.74
1738256409,17.5,29.74
1738256714,17.4,29.73
1738257008,17.4,29.73
1738257313,17.4,29.73
1738257607,17.4,29.72
1738258204,17.4,29.72
1738258509,17.3,29.71
1738258813,17.3,29.71
1738259108,17.3,29.71
1738259413,17.3,29.7
1738259707,17.3,29.7
1738260012,17.3,29.7
1738260306,17.3,29.69
1738260611,17.3,29.69
1738260905,17.3,29.69
1738261210,17.3,29.69
1738261504,17.3,29.69
1738261809,17.4,29.69
1738262113,17.4,29.68
1738262408,17.3,29.68
1738262713,17.4,29.68
1738263007,17.4,29.68
1738263312,17.3,29.67
1738263606,17.3,29.67
1738263911,17.3,29.67
1738264205,17.3,29.67
1738264510,17.3,29.66
1738265107,17.3,29.66
1738265411,17.3,29.66
1738265706,17.3,29.66
1738266010,17.3,29.65
1738266305,17.3,29.65
1738266609,17.3,29.65
1738266904,17.3,29.65
1738267209,17.3,29.65
1738267805,17.4,29.64
1738268110,17.4,29.64
1738268405,17.5,29.65
1738268709,17.4,29.64
1738269014,17.4,29.64
1738269611,17.4,29.64
1738269905,17.4,29.64
1738270512,17.3,29.64
1738270807,17.4,29.65
1738271111,17.3,29.64
1738271406,17.3,29.64
1738271710,17.4,29.65
1738272307,17.4,29.65
1738272612,17.4,29.65
1738272906,17.4,29.65
1738273211,17.4,29.65
1738273505,17.4,29.65
1738273810,17.5,29.65
1738274104,17.4,29.65
1738274409,17.4,29.66
1738274714,17.4,29.66
1738275008,17.4,29.66
1738275605,17.3,29.66
1738275910,17.3,29.67
1738276205,17.3,29.67
1738276509,17.4,29.67
1738277106,17.6,29.67
1738277411,17.6,29.68
1738277705,17.6,29.68
1738278010,17.6,29.68
1738278304,17.7,29.68
1738278609,17.7,29.68
1738278913,17.7,29.68
1738279208,17.7,29.68
1738279512,17.7,29.68
1738279807,17.7,29.69
1738280111,17.6,29.69
1738280406,17.6,29.69
1738280710,17.6,29.69
1738281005,17.5,29.69
1738281309,17.6,29.69
1738281604,17.7,29.69
1738281909,17.7,29.69
1738282505,17.7,29.7
1738283405,17.7,29.7
1738283709,17.6,29.7
1738284014,17.6,29.7
1738284308,17.6,29.7
1738284613,17.6,29.7
1738284907,17.7,29.71
1738285212,17.8,29.71
1738285506,17.7,29.72
1738285811,17.8,29.72
1738286106,17.8,29.72
1738286410,17.8,29.72
1738286705,17.7,29.72
1738287010,17.7,29.72
1738287304,17.6,29.72
1738287911,17.8,29.73
1738288206,17.8,29.72
1738288510,17.8,29.72
1738288805,17.8,29.72
1738289109,17.8,29.72
1738289414,17.8,29.73
1738289708,17.8,29.73
1738290013,17.8,29.73
1738290307,17.8,29.72
1738290612,17.7,29.72
1738290906,17.7,29.72
1738291211,17.8,29.72
1738291505,17.7,29.72
1738291810,17.7,29.72
1738292105,17.6,29.72
1738292409,17.6,29.72
1738292714,17.7,29.72
1738293008,17.8,29.72
1738293605,17.8,29.71
1738294504,17.8,29.71
1738294809,17.8,29.71
1738295113,17.7,29.7
1738295408,17.8,29.71
1738295713,17.8,29.7
1738296007,17.7,29.7
1738296312,17.8,29.7
1738296606,17.8,29.7
1738296911,17.8,29.69
1738297205,17.8,29.69
1738297510,17.8,29.69
1738297804,17.8,29.69
1738298109,17.9,29.69
1738298413,18,29.69
1738298708,17.9,29.68
1738299013,17.9,29.68
1738299307,17.8,29.68
1738299612,17.8,29.68
1738299906,17.7,29.68
1738300211,17.8,29.67
1738300505,17.9,29.67
1738300810,17.9,29.67
1738301104,17.9,29.67
1738301409,17.8,29.67
1738302006,17.8,29.66
1738302310,17.8,29.66
1738302605,18,29.66
1738302909,18,29.66
1738303204,17.9,29.66
1738303508,18.1,29.66
1738303813,18.1,29.66
1738304107,18.1,29.66
1738304412,18,29.66
1738305009,17.9,29.66
1738305313,18,29.65
1738305608,18,29.65
1738305912,18.1,29.65
1738306207,18.2,29.65
1738306511,18.2,29.65
1738306806,18.1,29.65
1738307110,18.1,29.65
1738307405,18,29.65
1738308012,17.9,29.65
1738308609,18.1,29.66
1738308914,18.1,29.65
1738309208,18.1,29.65
1738309513,18,29.66
1738309807,17.9,29.66
1738310112,17.9,29.66
1738310406,18,29.66
1738310711,18,29.66
1738311005,18.1,29.66
1738311310,18.1,29.66
1738311604,18.1,29.66
1738312211,18.1,29.66
1738312808,18.2,29.66
1738313113,18.1,29.66
1738313407,18.1,29.67
1738313712,18.1,29.67
1738314006,18,29.67
1738314613,18.1,29.68
1738314908,18.1,29.68
1738315212,18.1,29.68
1738315507,18.2,29.68
1738315811,18.1,29.68
1738316408,18.2,29.68
1738316712,18.1,29.68
1738317007,18.1,29.69
1738317312,18.1,29.69
1738317606,17.9,29.69
1738317911,17.9,29.69
1738318205,18,29.69
1738318510,18.1,29.69
1738318804,18.1,29.69
1738319109,18.1,29.69
1738319413,18.2,29.7
1738319708,18.1,29.7
1738320012,18.1,29.7
1738320307,17.9,29.7
1738320611,17.9,29.7
1738320906,17.9,29.7
1738321210,17.9,29.7
1738321807,18.1,29.7
1738322112,18.1,29.7
1738322709,18.2,29.7
1738323306,18.3,29.7
1738323610,18.3,29.71
1738323905,18.2,29.71
1738324209,18.2,29.71
1738324504,18.1,29.71
1738324808,18.1,29.71
1738325113,18.1,29.71
1738325407,17.9,29.71
1738325712,17.9,29.71
1738326007,17.9,29.71
1738326311,17.9,29.71
1738326606,17.9,29.71
1738326911,17.9,29.71
1738327205,18,29.71
1738327812,18,29.71
1738328409,18.1,29.71
1738328714,18.1,29.71
1738329008,18.1,29.71
1738329313,18.1,29.71
1738329607,18.2,29.71
1738329912,18.2,29.71
1738330206,18.2,29.71
1738330511,18.2,29.71
1738330806,18.2,29.71
1738331110,18.1,29.7
1738331405,18,29.7
1738331709,17.9,29.7
1738332306,17.8,29.7
1738332913,17.8,29.7
1738333510,17.8,29.7
1738333805,17.7,29.7
1738334109,17.7,29.7
1738334413,17.7,29.7
1738334708,17.7,29.69
1738335013,17.6,29.69
1738335307,17.7,29.69
1738335612,17.7,29.69
1738335906,17.6,29.69
1738336211,17.6,29.69
1738336505,17.6,29.69
1738336810,17.6,29.69
1738337105,17.5,29.69
1738337409,17.4,29.68
1738337714,17.4,29.68
1738338009,17.4,29.68
1738338313,17.3,29.68
1738338608,17.3,29.68
1738338912,17.3,29.68
1738339207,17.3,29.67
1738339511,17.2,29.68
1738339806,17.2,29.67
1738340110,17.2,29.67
1738340405,17.2,29.67
1738340709,17.2,29.67
1738341014,17.2,29.67
1738341308,17.3,29.66
1738341613,17.2,29.66
1738341907,17.2,29.66
1738342504,17.3,29.66
1738342809,17.3,29.65
1738343113,17.3,29.65
1738343408,17.3,29.65
1738343713,17.3,29.65
1738344007,17.3,29.64
1738344311,17.3,29.64
1738344606,17.4,29.64
1738344911,17.4,29.64
1738345205,17.3,29.64
1738345510,17.4,29.63
1738345804,17.4,29.63
1738346109,17.4,29.63
1738346706,17.4,29.62
1738347010,17.5,29.62
1738347305,17.6,29.61
1738347609,17.5,29.62
1738347904,17.6,29.61
1738348511,17.6,29.61
1738348805,17.6,29.61
1738349110,17.5,29.61
1738349405,17.5,29.6
1738349709,17.5,29.6
1738350306,17.4,29.6
1738350611,17.4,29.6
1738350905,17.4,29.59
1738351210,17.4,29.59
1738351504,17.4,29.59
1738351809,17.3,29.59
1738352113,17.4,29.59
1738352408,17.4,29.59
1738352712,17.5,29.59
1738353309,17.6,29.59
1738353614,17.7,29.58
1738353908,17.7,29.58
1738354213,17.7,29.58
1738354507,17.7,29.58
1738354812,17.6,29.58
1738355106,17.6,29.58
1738355411,17.6,29.58
1738355705,17.6,29.58
1738356010,17.6,29.58
1738356305,17.7,29.58
1738356609,17.6,29.58
1738356914,17.6,29.58
1738357208,17.6,29.58
1738357513,17.6,29.57
1738357807,17.6,29.57
1738358112,17.5,29.57
1738358407,17.5,29.57
1738359306,17.4,29.58
1738359611,17.4,29.58
1738359905,17.4,29.58
1738360210,17.4,29.58
1738360504,17.6,29.58
1738360809,17.7,29.58
1738361113,17.7,29.58
1738361408,17.7,29.58
1738361712,17.7,29.58
1738362007,17.7,29.58
1738362312,17.6,29.59
1738362607,17.6,29.59
1738362912,17.6,29.59
1738363206,17.6,29.59
1738363511,17.6,29.59
1738363805,17.6,29.59
1738364110,17.6,29.6
1738364404,17.6,29.6
1738364709,17.6,29.6
1738365306,17.7,29.61
1738365610,17.7,29.61
1738366207,17.6,29.61
1738366512,17.7,29.61
1738366806,17.7,29.61
1738367111,17.6,29.61
1738367405,17.7,29.61
1738368012,17.8,29.61
1738368307,17.8,29.61
1738368611,17.7,29.62
1738368906,17.8,29.62
1738369513,17.7,29.62
1738369807,17.6,29.62
1738370404,17.6,29.63
1738370709,17.6,29.63
1738371306,17.6,29.64
1738371610,17.6,29.64
1738372207,17.5,29.64
1738372512,17.5,29.64
1738372806,17.6,29.65
1738373111,17.7,29.65
1738373405,17.8,29.65
1738373710,17.8,29.65
1738374004,17.8,29.65
1738374309,17.8,29.66
1738374613,17.7,29.66
1738374908,17.7,29.66
1738375212,17.6,29.66
1738375507,17.6,29.66
1738375811,17.7,29.66
1738376106,17.8,29.66
1738376410,17.8,29.67
1738376705,17.8,29.67
1738377009,17.7,29.67
1738377304,17.7,29.67
1738377609,17.7,29.67
1738377913,17.7,29.67
1738378208,17.8,29.67
1738378512,17.8,29.67
1738378807,17.8,29.67
1738379111,17.8,29.67
1738379406,17.7,29.67
1738379711,17.7,29.66
1738380005,17.7,29.66
1738380310,17.8,29.66
1738380604,17.9,29.66
1738380909,17.9,29.66
1738381213,17.9,29.66
1738381508,17.8,29.66
1738381812,17.8,29.66
1738382107,17.7,29.66
1738382411,17.8,29.66
1738382706,17.8,29.66
1738383010,17.8,29.66
1738383305,17.9,29.65
1738383609,18,29.65
1738384206,17.9,29.65
1738384511,17.9,29.65
1738384805,17.8,29.65
1738385110,17.8,29.65
1738385404,17.7,29.65
1738385709,17.8,29.65
1738386013,17.9,29.64
1738386308,17.9,29.64
1738386612,17.9,29.64
1738386907,17.9,29.64
1738387211,17.8,29.64
1738387506,17.8,29.63
1738388113,17.8,29.63
1738388407,17.9,29.63
1738388712,17.9,29.63
1738389006,17.9,29.63
1738389311,18.1,29.63
1738389605,18,29.63
1738390212,17.9,29.63
1738390507,17.8,29.63
1738390811,17.8,29.62
1738391106,17.9,29.62
1738391411,17.9,29.62
1738391705,17.9,29.62
1738392010,17.9,29.62
1738392304,17.8,29.62
1738392609,17.8,29.62
1738392913,18,29.62
1738393208,18,29.62
1738393512,18,29.62
1738393807,18,29.62
1738394111,17.9,29.62
1738394406,17.9,29.62
1738394710,17.9,29.62
1738395005,18,29.63
1738395612,18.1,29.62
1738395906,18.1,29.62
1738396211,18.1,29.63
1738396505,17.9,29.63
1738396810,17.9,29.63
1738397104,18,29.63
1738397409,17.9,29.63
1738398006,18.1,29.63
1738398310,18.1,29.63
1738398605,18.1,29.63
1738398909,18,29.63
1738399214,17.9,29.63
1738399508,17.9,29.63
1738400105,18.1,29.63
1738400410,18.1,29.63
1738400704,18.1,29.63
1738401009,18.1,29.63
1738401313,17.9,29.63
1738401608,17.9,29.64
1738401912,17.9,29.64
1738402207,18.1,29.64
1738402511,18.1,29.64
1738402806,18.1,29.64
1738403110,18,29.64
1738403405,17.9,29.64
1738403709,17.9,29.64
1738404004,17.9,29.64
1738404309,18.1,29.65
1738404613,18,29.65
1738404908,18,29.65
1738405212,17.9,29.65
1738405507,17.9,29.65
1738405811,17.9,29.65
1738406106,18.1,29.65
1738406410,18.1,29.65
1738406705,18,29.65
1738407009,17.9,29.65
1738407304,17.9,29.66
1738407911,17.9,29.66
1738408206,17.9,29.66
1738408813,18,29.66
1738409107,18.1,29.66
1738409412,18.1,29.66
1738409706,18,29.67
1738410011,18.1,29.67
1738410305,18.1,29.67
1738410912,18.1,29.67
1738411207,17.9,29.67
1738411511,17.9,29.67
1738411806,17.9,29.67
1738412111,17.9,29.67
1738412405,17.9,29.67
